# .PCD v0.7 - Point Cloud Data file format
VERSION 0.7
FIELDS x y z
SIZE 4 4 4
TYPE F F F
COUNT 1 1 1
WIDTH 6500
HEIGHT 1
VIEWPOINT 0 0 0 1 0 0 0
POINTS 6500
DATA ascii
0.000000 0.000000 0.000000
0.000000 0.087500 0.000000
0.000000 0.175000 0.000000
0.000000 0.262500 0.000000
0.000000 0.350000 0.000000
0.000000 0.000000 0.000000
0.000000 0.079935 0.035589
0.000000 0.159870 0.071179
0.000000 0.239806 0.106768
0.000000 0.319741 0.142358
0.000000 0.000000 0.000000
0.000000 0.058549 0.065025
0.000000 0.117098 0.130050
0.000000 0.175647 0.195076
0.000000 0.234196 0.260101
0.000000 0.000000 0.000000
0.000000 0.027039 0.083217
0.000000 0.054078 0.166435
0.000000 0.081117 0.249652
0.000000 0.108156 0.332870
0.000000 -0.000000 0.000000
0.000000 -0.009146 0.087021
0.000000 -0.018292 0.174041
0.000000 -0.027439 0.261062
0.000000 -0.036585 0.348083
0.000000 -0.000000 0.000000
0.000000 -0.043750 0.075777
0.000000 -0.087500 0.151554
0.000000 -0.131250 0.227332
0.000000 -0.175000 0.303109
0.000000 -0.000000 0.000000
0.000000 -0.070789 0.051431
0.000000 -0.141578 0.102862
0.000000 -0.212367 0.154294
0.000000 -0.283156 0.205725
0.000000 -0.000000 0.000000
0.000000 -0.085588 0.018192
0.000000 -0.171176 0.036385
0.000000 -0.256764 0.054577
0.000000 -0.342352 0.072769
0.000000 -0.000000 -0.000000
0.000000 -0.085588 -0.018192
0.000000 -0.171176 -0.036385
0.000000 -0.256764 -0.054577
0.000000 -0.342352 -0.072769
0.000000 -0.000000 -0.000000
0.000000 -0.070789 -0.051431
0.000000 -0.141578 -0.102862
0.000000 -0.212367 -0.154294
0.000000 -0.283156 -0.205725
0.000000 -0.000000 -0.000000
0.000000 -0.043750 -0.075777
0.000000 -0.087500 -0.151554
0.000000 -0.131250 -0.227332
0.000000 -0.175000 -0.303109
0.000000 -0.000000 -0.000000
0.000000 -0.009146 -0.087021
0.000000 -0.018292 -0.174041
0.000000 -0.027439 -0.261062
0.000000 -0.036585 -0.348083
0.000000 0.000000 -0.000000
0.000000 0.027039 -0.083217
0.000000 0.054078 -0.166435
0.000000 0.081117 -0.249652
0.000000 0.108156 -0.332870
0.000000 0.000000 -0.000000
0.000000 0.058549 -0.065025
0.000000 0.117098 -0.130050
0.000000 0.175647 -0.195076
0.000000 0.234196 -0.260101
0.000000 0.000000 -0.000000
0.000000 0.079935 -0.035589
0.000000 0.159870 -0.071179
0.000000 0.239806 -0.106768
0.000000 0.319741 -0.142358
0.033898 0.000000 0.000000
0.033898 0.087500 0.000000
0.033898 0.175000 0.000000
0.033898 0.262500 0.000000
0.033898 0.350000 0.000000
0.033898 0.000000 0.000000
0.033898 0.079935 0.035589
0.033898 0.159870 0.071179
0.033898 0.239806 0.106768
0.033898 0.319741 0.142358
0.033898 0.000000 0.000000
0.033898 0.058549 0.065025
0.033898 0.117098 0.130050
0.033898 0.175647 0.195076
0.033898 0.234196 0.260101
0.033898 0.000000 0.000000
0.033898 0.027039 0.083217
0.033898 0.054078 0.166435
0.033898 0.081117 0.249652
0.033898 0.108156 0.332870
0.033898 -0.000000 0.000000
0.033898 -0.009146 0.087021
0.033898 -0.018292 0.174041
0.033898 -0.027439 0.261062
0.033898 -0.036585 0.348083
0.033898 -0.000000 0.000000
0.033898 -0.043750 0.075777
0.033898 -0.087500 0.151554
0.033898 -0.131250 0.227332
0.033898 -0.175000 0.303109
0.033898 -0.000000 0.000000
0.033898 -0.070789 0.051431
0.033898 -0.141578 0.102862
0.033898 -0.212367 0.154294
0.033898 -0.283156 0.205725
0.033898 -0.000000 0.000000
0.033898 -0.085588 0.018192
0.033898 -0.171176 0.036385
0.033898 -0.256764 0.054577
0.033898 -0.342352 0.072769
0.033898 -0.000000 -0.000000
0.033898 -0.085588 -0.018192
0.033898 -0.171176 -0.036385
0.033898 -0.256764 -0.054577
0.033898 -0.342352 -0.072769
0.033898 -0.000000 -0.000000
0.033898 -0.070789 -0.051431
0.033898 -0.141578 -0.102862
0.033898 -0.212367 -0.154294
0.033898 -0.283156 -0.205725
0.033898 -0.000000 -0.000000
0.033898 -0.043750 -0.075777
0.033898 -0.087500 -0.151554
0.033898 -0.131250 -0.227332
0.033898 -0.175000 -0.303109
0.033898 -0.000000 -0.000000
0.033898 -0.009146 -0.087021
0.033898 -0.018292 -0.174041
0.033898 -0.027439 -0.261062
0.033898 -0.036585 -0.348083
0.033898 0.000000 -0.000000
0.033898 0.027039 -0.083217
0.033898 0.054078 -0.166435
0.033898 0.081117 -0.249652
0.033898 0.108156 -0.332870
0.033898 0.000000 -0.000000
0.033898 0.058549 -0.065025
0.033898 0.117098 -0.130050
0.033898 0.175647 -0.195076
0.033898 0.234196 -0.260101
0.033898 0.000000 -0.000000
0.033898 0.079935 -0.035589
0.033898 0.159870 -0.071179
0.033898 0.239806 -0.106768
0.033898 0.319741 -0.142358
0.067797 0.000000 0.000000
0.067797 0.087500 0.000000
0.067797 0.175000 0.000000
0.067797 0.262500 0.000000
0.067797 0.350000 0.000000
0.067797 0.000000 0.000000
0.067797 0.079935 0.035589
0.067797 0.159870 0.071179
0.067797 0.239806 0.106768
0.067797 0.319741 0.142358
0.067797 0.000000 0.000000
0.067797 0.058549 0.065025
0.067797 0.117098 0.130050
0.067797 0.175647 0.195076
0.067797 0.234196 0.260101
0.067797 0.000000 0.000000
0.067797 0.027039 0.083217
0.067797 0.054078 0.166435
0.067797 0.081117 0.249652
0.067797 0.108156 0.332870
0.067797 -0.000000 0.000000
0.067797 -0.009146 0.087021
0.067797 -0.018292 0.174041
0.067797 -0.027439 0.261062
0.067797 -0.036585 0.348083
0.067797 -0.000000 0.000000
0.067797 -0.043750 0.075777
0.067797 -0.087500 0.151554
0.067797 -0.131250 0.227332
0.067797 -0.175000 0.303109
0.067797 -0.000000 0.000000
0.067797 -0.070789 0.051431
0.067797 -0.141578 0.102862
0.067797 -0.212367 0.154294
0.067797 -0.283156 0.205725
0.067797 -0.000000 0.000000
0.067797 -0.085588 0.018192
0.067797 -0.171176 0.036385
0.067797 -0.256764 0.054577
0.067797 -0.342352 0.072769
0.067797 -0.000000 -0.000000
0.067797 -0.085588 -0.018192
0.067797 -0.171176 -0.036385
0.067797 -0.256764 -0.054577
0.067797 -0.342352 -0.072769
0.067797 -0.000000 -0.000000
0.067797 -0.070789 -0.051431
0.067797 -0.141578 -0.102862
0.067797 -0.212367 -0.154294
0.067797 -0.283156 -0.205725
0.067797 -0.000000 -0.000000
0.067797 -0.043750 -0.075777
0.067797 -0.087500 -0.151554
0.067797 -0.131250 -0.227332
0.067797 -0.175000 -0.303109
0.067797 -0.000000 -0.000000
0.067797 -0.009146 -0.087021
0.067797 -0.018292 -0.174041
0.067797 -0.027439 -0.261062
0.067797 -0.036585 -0.348083
0.067797 0.000000 -0.000000
0.067797 0.027039 -0.083217
0.067797 0.054078 -0.166435
0.067797 0.081117 -0.249652
0.067797 0.108156 -0.332870
0.067797 0.000000 -0.000000
0.067797 0.058549 -0.065025
0.067797 0.117098 -0.130050
0.067797 0.175647 -0.195076
0.067797 0.234196 -0.260101
0.067797 0.000000 -0.000000
0.067797 0.079935 -0.035589
0.067797 0.159870 -0.071179
0.067797 0.239806 -0.106768
0.067797 0.319741 -0.142358
0.101695 0.000000 0.000000
0.101695 0.087500 0.000000
0.101695 0.175000 0.000000
0.101695 0.262500 0.000000
0.101695 0.350000 0.000000
0.101695 0.000000 0.000000
0.101695 0.079935 0.035589
0.101695 0.159870 0.071179
0.101695 0.239806 0.106768
0.101695 0.319741 0.142358
0.101695 0.000000 0.000000
0.101695 0.058549 0.065025
0.101695 0.117098 0.130050
0.101695 0.175647 0.195076
0.101695 0.234196 0.260101
0.101695 0.000000 0.000000
0.101695 0.027039 0.083217
0.101695 0.054078 0.166435
0.101695 0.081117 0.249652
0.101695 0.108156 0.332870
0.101695 -0.000000 0.000000
0.101695 -0.009146 0.087021
0.101695 -0.018292 0.174041
0.101695 -0.027439 0.261062
0.101695 -0.036585 0.348083
0.101695 -0.000000 0.000000
0.101695 -0.043750 0.075777
0.101695 -0.087500 0.151554
0.101695 -0.131250 0.227332
0.101695 -0.175000 0.303109
0.101695 -0.000000 0.000000
0.101695 -0.070789 0.051431
0.101695 -0.141578 0.102862
0.101695 -0.212367 0.154294
0.101695 -0.283156 0.205725
0.101695 -0.000000 0.000000
0.101695 -0.085588 0.018192
0.101695 -0.171176 0.036385
0.101695 -0.256764 0.054577
0.101695 -0.342352 0.072769
0.101695 -0.000000 -0.000000
0.101695 -0.085588 -0.018192
0.101695 -0.171176 -0.036385
0.101695 -0.256764 -0.054577
0.101695 -0.342352 -0.072769
0.101695 -0.000000 -0.000000
0.101695 -0.070789 -0.051431
0.101695 -0.141578 -0.102862
0.101695 -0.212367 -0.154294
0.101695 -0.283156 -0.205725
0.101695 -0.000000 -0.000000
0.101695 -0.043750 -0.075777
0.101695 -0.087500 -0.151554
0.101695 -0.131250 -0.227332
0.101695 -0.175000 -0.303109
0.101695 -0.000000 -0.000000
0.101695 -0.009146 -0.087021
0.101695 -0.018292 -0.174041
0.101695 -0.027439 -0.261062
0.101695 -0.036585 -0.348083
0.101695 0.000000 -0.000000
0.101695 0.027039 -0.083217
0.101695 0.054078 -0.166435
0.101695 0.081117 -0.249652
0.101695 0.108156 -0.332870
0.101695 0.000000 -0.000000
0.101695 0.058549 -0.065025
0.101695 0.117098 -0.130050
0.101695 0.175647 -0.195076
0.101695 0.234196 -0.260101
0.101695 0.000000 -0.000000
0.101695 0.079935 -0.035589
0.101695 0.159870 -0.071179
0.101695 0.239806 -0.106768
0.101695 0.319741 -0.142358
0.135593 0.000000 0.000000
0.135593 0.087500 0.000000
0.135593 0.175000 0.000000
0.135593 0.262500 0.000000
0.135593 0.350000 0.000000
0.135593 0.000000 0.000000
0.135593 0.079935 0.035589
0.135593 0.159870 0.071179
0.135593 0.239806 0.106768
0.135593 0.319741 0.142358
0.135593 0.000000 0.000000
0.135593 0.058549 0.065025
0.135593 0.117098 0.130050
0.135593 0.175647 0.195076
0.135593 0.234196 0.260101
0.135593 0.000000 0.000000
0.135593 0.027039 0.083217
0.135593 0.054078 0.166435
0.135593 0.081117 0.249652
0.135593 0.108156 0.332870
0.135593 -0.000000 0.000000
0.135593 -0.009146 0.087021
0.135593 -0.018292 0.174041
0.135593 -0.027439 0.261062
0.135593 -0.036585 0.348083
0.135593 -0.000000 0.000000
0.135593 -0.043750 0.075777
0.135593 -0.087500 0.151554
0.135593 -0.131250 0.227332
0.135593 -0.175000 0.303109
0.135593 -0.000000 0.000000
0.135593 -0.070789 0.051431
0.135593 -0.141578 0.102862
0.135593 -0.212367 0.154294
0.135593 -0.283156 0.205725
0.135593 -0.000000 0.000000
0.135593 -0.085588 0.018192
0.135593 -0.171176 0.036385
0.135593 -0.256764 0.054577
0.135593 -0.342352 0.072769
0.135593 -0.000000 -0.000000
0.135593 -0.085588 -0.018192
0.135593 -0.171176 -0.036385
0.135593 -0.256764 -0.054577
0.135593 -0.342352 -0.072769
0.135593 -0.000000 -0.000000
0.135593 -0.070789 -0.051431
0.135593 -0.141578 -0.102862
0.135593 -0.212367 -0.154294
0.135593 -0.283156 -0.205725
0.135593 -0.000000 -0.000000
0.135593 -0.043750 -0.075777
0.135593 -0.087500 -0.151554
0.135593 -0.131250 -0.227332
0.135593 -0.175000 -0.303109
0.135593 -0.000000 -0.000000
0.135593 -0.009146 -0.087021
0.135593 -0.018292 -0.174041
0.135593 -0.027439 -0.261062
0.135593 -0.036585 -0.348083
0.135593 0.000000 -0.000000
0.135593 0.027039 -0.083217
0.135593 0.054078 -0.166435
0.135593 0.081117 -0.249652
0.135593 0.108156 -0.332870
0.135593 0.000000 -0.000000
0.135593 0.058549 -0.065025
0.135593 0.117098 -0.130050
0.135593 0.175647 -0.195076
0.135593 0.234196 -0.260101
0.135593 0.000000 -0.000000
0.135593 0.079935 -0.035589
0.135593 0.159870 -0.071179
0.135593 0.239806 -0.106768
0.135593 0.319741 -0.142358
0.169492 0.000000 0.000000
0.169492 0.087500 0.000000
0.169492 0.175000 0.000000
0.169492 0.262500 0.000000
0.169492 0.350000 0.000000
0.169492 0.000000 0.000000
0.169492 0.079935 0.035589
0.169492 0.159870 0.071179
0.169492 0.239806 0.106768
0.169492 0.319741 0.142358
0.169492 0.000000 0.000000
0.169492 0.058549 0.065025
0.169492 0.117098 0.130050
0.169492 0.175647 0.195076
0.169492 0.234196 0.260101
0.169492 0.000000 0.000000
0.169492 0.027039 0.083217
0.169492 0.054078 0.166435
0.169492 0.081117 0.249652
0.169492 0.108156 0.332870
0.169492 -0.000000 0.000000
0.169492 -0.009146 0.087021
0.169492 -0.018292 0.174041
0.169492 -0.027439 0.261062
0.169492 -0.036585 0.348083
0.169492 -0.000000 0.000000
0.169492 -0.043750 0.075777
0.169492 -0.087500 0.151554
0.169492 -0.131250 0.227332
0.169492 -0.175000 0.303109
0.169492 -0.000000 0.000000
0.169492 -0.070789 0.051431
0.169492 -0.141578 0.102862
0.169492 -0.212367 0.154294
0.169492 -0.283156 0.205725
0.169492 -0.000000 0.000000
0.169492 -0.085588 0.018192
0.169492 -0.171176 0.036385
0.169492 -0.256764 0.054577
0.169492 -0.342352 0.072769
0.169492 -0.000000 -0.000000
0.169492 -0.085588 -0.018192
0.169492 -0.171176 -0.036385
0.169492 -0.256764 -0.054577
0.169492 -0.342352 -0.072769
0.169492 -0.000000 -0.000000
0.169492 -0.070789 -0.051431
0.169492 -0.141578 -0.102862
0.169492 -0.212367 -0.154294
0.169492 -0.283156 -0.205725
0.169492 -0.000000 -0.000000
0.169492 -0.043750 -0.075777
0.169492 -0.087500 -0.151554
0.169492 -0.131250 -0.227332
0.169492 -0.175000 -0.303109
0.169492 -0.000000 -0.000000
0.169492 -0.009146 -0.087021
0.169492 -0.018292 -0.174041
0.169492 -0.027439 -0.261062
0.169492 -0.036585 -0.348083
0.169492 0.000000 -0.000000
0.169492 0.027039 -0.083217
0.169492 0.054078 -0.166435
0.169492 0.081117 -0.249652
0.169492 0.108156 -0.332870
0.169492 0.000000 -0.000000
0.169492 0.058549 -0.065025
0.169492 0.117098 -0.130050
0.169492 0.175647 -0.195076
0.169492 0.234196 -0.260101
0.169492 0.000000 -0.000000
0.169492 0.079935 -0.035589
0.169492 0.159870 -0.071179
0.169492 0.239806 -0.106768
0.169492 0.319741 -0.142358
0.203390 0.000000 0.000000
0.203390 0.087500 0.000000
0.203390 0.175000 0.000000
0.203390 0.262500 0.000000
0.203390 0.350000 0.000000
0.203390 0.000000 0.000000
0.203390 0.079935 0.035589
0.203390 0.159870 0.071179
0.203390 0.239806 0.106768
0.203390 0.319741 0.142358
0.203390 0.000000 0.000000
0.203390 0.058549 0.065025
0.203390 0.117098 0.130050
0.203390 0.175647 0.195076
0.203390 0.234196 0.260101
0.203390 0.000000 0.000000
0.203390 0.027039 0.083217
0.203390 0.054078 0.166435
0.203390 0.081117 0.249652
0.203390 0.108156 0.332870
0.203390 -0.000000 0.000000
0.203390 -0.009146 0.087021
0.203390 -0.018292 0.174041
0.203390 -0.027439 0.261062
0.203390 -0.036585 0.348083
0.203390 -0.000000 0.000000
0.203390 -0.043750 0.075777
0.203390 -0.087500 0.151554
0.203390 -0.131250 0.227332
0.203390 -0.175000 0.303109
0.203390 -0.000000 0.000000
0.203390 -0.070789 0.051431
0.203390 -0.141578 0.102862
0.203390 -0.212367 0.154294
0.203390 -0.283156 0.205725
0.203390 -0.000000 0.000000
0.203390 -0.085588 0.018192
0.203390 -0.171176 0.036385
0.203390 -0.256764 0.054577
0.203390 -0.342352 0.072769
0.203390 -0.000000 -0.000000
0.203390 -0.085588 -0.018192
0.203390 -0.171176 -0.036385
0.203390 -0.256764 -0.054577
0.203390 -0.342352 -0.072769
0.203390 -0.000000 -0.000000
0.203390 -0.070789 -0.051431
0.203390 -0.141578 -0.102862
0.203390 -0.212367 -0.154294
0.203390 -0.283156 -0.205725
0.203390 -0.000000 -0.000000
0.203390 -0.043750 -0.075777
0.203390 -0.087500 -0.151554
0.203390 -0.131250 -0.227332
0.203390 -0.175000 -0.303109
0.203390 -0.000000 -0.000000
0.203390 -0.009146 -0.087021
0.203390 -0.018292 -0.174041
0.203390 -0.027439 -0.261062
0.203390 -0.036585 -0.348083
0.203390 0.000000 -0.000000
0.203390 0.027039 -0.083217
0.203390 0.054078 -0.166435
0.203390 0.081117 -0.249652
0.203390 0.108156 -0.332870
0.203390 0.000000 -0.000000
0.203390 0.058549 -0.065025
0.203390 0.117098 -0.130050
0.203390 0.175647 -0.195076
0.203390 0.234196 -0.260101
0.203390 0.000000 -0.000000
0.203390 0.079935 -0.035589
0.203390 0.159870 -0.071179
0.203390 0.239806 -0.106768
0.203390 0.319741 -0.142358
0.237288 0.000000 0.000000
0.237288 0.087500 0.000000
0.237288 0.175000 0.000000
0.237288 0.262500 0.000000
0.237288 0.350000 0.000000
0.237288 0.000000 0.000000
0.237288 0.079935 0.035589
0.237288 0.159870 0.071179
0.237288 0.239806 0.106768
0.237288 0.319741 0.142358
0.237288 0.000000 0.000000
0.237288 0.058549 0.065025
0.237288 0.117098 0.130050
0.237288 0.175647 0.195076
0.237288 0.234196 0.260101
0.237288 0.000000 0.000000
0.237288 0.027039 0.083217
0.237288 0.054078 0.166435
0.237288 0.081117 0.249652
0.237288 0.108156 0.332870
0.237288 -0.000000 0.000000
0.237288 -0.009146 0.087021
0.237288 -0.018292 0.174041
0.237288 -0.027439 0.261062
0.237288 -0.036585 0.348083
0.237288 -0.000000 0.000000
0.237288 -0.043750 0.075777
0.237288 -0.087500 0.151554
0.237288 -0.131250 0.227332
0.237288 -0.175000 0.303109
0.237288 -0.000000 0.000000
0.237288 -0.070789 0.051431
0.237288 -0.141578 0.102862
0.237288 -0.212367 0.154294
0.237288 -0.283156 0.205725
0.237288 -0.000000 0.000000
0.237288 -0.085588 0.018192
0.237288 -0.171176 0.036385
0.237288 -0.256764 0.054577
0.237288 -0.342352 0.072769
0.237288 -0.000000 -0.000000
0.237288 -0.085588 -0.018192
0.237288 -0.171176 -0.036385
0.237288 -0.256764 -0.054577
0.237288 -0.342352 -0.072769
0.237288 -0.000000 -0.000000
0.237288 -0.070789 -0.051431
0.237288 -0.141578 -0.102862
0.237288 -0.212367 -0.154294
0.237288 -0.283156 -0.205725
0.237288 -0.000000 -0.000000
0.237288 -0.043750 -0.075777
0.237288 -0.087500 -0.151554
0.237288 -0.131250 -0.227332
0.237288 -0.175000 -0.303109
0.237288 -0.000000 -0.000000
0.237288 -0.009146 -0.087021
0.237288 -0.018292 -0.174041
0.237288 -0.027439 -0.261062
0.237288 -0.036585 -0.348083
0.237288 0.000000 -0.000000
0.237288 0.027039 -0.083217
0.237288 0.054078 -0.166435
0.237288 0.081117 -0.249652
0.237288 0.108156 -0.332870
0.237288 0.000000 -0.000000
0.237288 0.058549 -0.065025
0.237288 0.117098 -0.130050
0.237288 0.175647 -0.195076
0.237288 0.234196 -0.260101
0.237288 0.000000 -0.000000
0.237288 0.079935 -0.035589
0.237288 0.159870 -0.071179
0.237288 0.239806 -0.106768
0.237288 0.319741 -0.142358
0.271186 0.000000 0.000000
0.271186 0.087500 0.000000
0.271186 0.175000 0.000000
0.271186 0.262500 0.000000
0.271186 0.350000 0.000000
0.271186 0.000000 0.000000
0.271186 0.079935 0.035589
0.271186 0.159870 0.071179
0.271186 0.239806 0.106768
0.271186 0.319741 0.142358
0.271186 0.000000 0.000000
0.271186 0.058549 0.065025
0.271186 0.117098 0.130050
0.271186 0.175647 0.195076
0.271186 0.234196 0.260101
0.271186 0.000000 0.000000
0.271186 0.027039 0.083217
0.271186 0.054078 0.166435
0.271186 0.081117 0.249652
0.271186 0.108156 0.332870
0.271186 -0.000000 0.000000
0.271186 -0.009146 0.087021
0.271186 -0.018292 0.174041
0.271186 -0.027439 0.261062
0.271186 -0.036585 0.348083
0.271186 -0.000000 0.000000
0.271186 -0.043750 0.075777
0.271186 -0.087500 0.151554
0.271186 -0.131250 0.227332
0.271186 -0.175000 0.303109
0.271186 -0.000000 0.000000
0.271186 -0.070789 0.051431
0.271186 -0.141578 0.102862
0.271186 -0.212367 0.154294
0.271186 -0.283156 0.205725
0.271186 -0.000000 0.000000
0.271186 -0.085588 0.018192
0.271186 -0.171176 0.036385
0.271186 -0.256764 0.054577
0.271186 -0.342352 0.072769
0.271186 -0.000000 -0.000000
0.271186 -0.085588 -0.018192
0.271186 -0.171176 -0.036385
0.271186 -0.256764 -0.054577
0.271186 -0.342352 -0.072769
0.271186 -0.000000 -0.000000
0.271186 -0.070789 -0.051431
0.271186 -0.141578 -0.102862
0.271186 -0.212367 -0.154294
0.271186 -0.283156 -0.205725
0.271186 -0.000000 -0.000000
0.271186 -0.043750 -0.075777
0.271186 -0.087500 -0.151554
0.271186 -0.131250 -0.227332
0.271186 -0.175000 -0.303109
0.271186 -0.000000 -0.000000
0.271186 -0.009146 -0.087021
0.271186 -0.018292 -0.174041
0.271186 -0.027439 -0.261062
0.271186 -0.036585 -0.348083
0.271186 0.000000 -0.000000
0.271186 0.027039 -0.083217
0.271186 0.054078 -0.166435
0.271186 0.081117 -0.249652
0.271186 0.108156 -0.332870
0.271186 0.000000 -0.000000
0.271186 0.058549 -0.065025
0.271186 0.117098 -0.130050
0.271186 0.175647 -0.195076
0.271186 0.234196 -0.260101
0.271186 0.000000 -0.000000
0.271186 0.079935 -0.035589
0.271186 0.159870 -0.071179
0.271186 0.239806 -0.106768
0.271186 0.319741 -0.142358
0.305085 0.000000 0.000000
0.305085 0.087500 0.000000
0.305085 0.175000 0.000000
0.305085 0.262500 0.000000
0.305085 0.350000 0.000000
0.305085 0.000000 0.000000
0.305085 0.079935 0.035589
0.305085 0.159870 0.071179
0.305085 0.239806 0.106768
0.305085 0.319741 0.142358
0.305085 0.000000 0.000000
0.305085 0.058549 0.065025
0.305085 0.117098 0.130050
0.305085 0.175647 0.195076
0.305085 0.234196 0.260101
0.305085 0.000000 0.000000
0.305085 0.027039 0.083217
0.305085 0.054078 0.166435
0.305085 0.081117 0.249652
0.305085 0.108156 0.332870
0.305085 -0.000000 0.000000
0.305085 -0.009146 0.087021
0.305085 -0.018292 0.174041
0.305085 -0.027439 0.261062
0.305085 -0.036585 0.348083
0.305085 -0.000000 0.000000
0.305085 -0.043750 0.075777
0.305085 -0.087500 0.151554
0.305085 -0.131250 0.227332
0.305085 -0.175000 0.303109
0.305085 -0.000000 0.000000
0.305085 -0.070789 0.051431
0.305085 -0.141578 0.102862
0.305085 -0.212367 0.154294
0.305085 -0.283156 0.205725
0.305085 -0.000000 0.000000
0.305085 -0.085588 0.018192
0.305085 -0.171176 0.036385
0.305085 -0.256764 0.054577
0.305085 -0.342352 0.072769
0.305085 -0.000000 -0.000000
0.305085 -0.085588 -0.018192
0.305085 -0.171176 -0.036385
0.305085 -0.256764 -0.054577
0.305085 -0.342352 -0.072769
0.305085 -0.000000 -0.000000
0.305085 -0.070789 -0.051431
0.305085 -0.141578 -0.102862
0.305085 -0.212367 -0.154294
0.305085 -0.283156 -0.205725
0.305085 -0.000000 -0.000000
0.305085 -0.043750 -0.075777
0.305085 -0.087500 -0.151554
0.305085 -0.131250 -0.227332
0.305085 -0.175000 -0.303109
0.305085 -0.000000 -0.000000
0.305085 -0.009146 -0.087021
0.305085 -0.018292 -0.174041
0.305085 -0.027439 -0.261062
0.305085 -0.036585 -0.348083
0.305085 0.000000 -0.000000
0.305085 0.027039 -0.083217
0.305085 0.054078 -0.166435
0.305085 0.081117 -0.249652
0.305085 0.108156 -0.332870
0.305085 0.000000 -0.000000
0.305085 0.058549 -0.065025
0.305085 0.117098 -0.130050
0.305085 0.175647 -0.195076
0.305085 0.234196 -0.260101
0.305085 0.000000 -0.000000
0.305085 0.079935 -0.035589
0.305085 0.159870 -0.071179
0.305085 0.239806 -0.106768
0.305085 0.319741 -0.142358
0.338983 0.000000 0.000000
0.338983 0.087500 0.000000
0.338983 0.175000 0.000000
0.338983 0.262500 0.000000
0.338983 0.350000 0.000000
0.338983 0.000000 0.000000
0.338983 0.079935 0.035589
0.338983 0.159870 0.071179
0.338983 0.239806 0.106768
0.338983 0.319741 0.142358
0.338983 0.000000 0.000000
0.338983 0.058549 0.065025
0.338983 0.117098 0.130050
0.338983 0.175647 0.195076
0.338983 0.234196 0.260101
0.338983 0.000000 0.000000
0.338983 0.027039 0.083217
0.338983 0.054078 0.166435
0.338983 0.081117 0.249652
0.338983 0.108156 0.332870
0.338983 -0.000000 0.000000
0.338983 -0.009146 0.087021
0.338983 -0.018292 0.174041
0.338983 -0.027439 0.261062
0.338983 -0.036585 0.348083
0.338983 -0.000000 0.000000
0.338983 -0.043750 0.075777
0.338983 -0.087500 0.151554
0.338983 -0.131250 0.227332
0.338983 -0.175000 0.303109
0.338983 -0.000000 0.000000
0.338983 -0.070789 0.051431
0.338983 -0.141578 0.102862
0.338983 -0.212367 0.154294
0.338983 -0.283156 0.205725
0.338983 -0.000000 0.000000
0.338983 -0.085588 0.018192
0.338983 -0.171176 0.036385
0.338983 -0.256764 0.054577
0.338983 -0.342352 0.072769
0.338983 -0.000000 -0.000000
0.338983 -0.085588 -0.018192
0.338983 -0.171176 -0.036385
0.338983 -0.256764 -0.054577
0.338983 -0.342352 -0.072769
0.338983 -0.000000 -0.000000
0.338983 -0.070789 -0.051431
0.338983 -0.141578 -0.102862
0.338983 -0.212367 -0.154294
0.338983 -0.283156 -0.205725
0.338983 -0.000000 -0.000000
0.338983 -0.043750 -0.075777
0.338983 -0.087500 -0.151554
0.338983 -0.131250 -0.227332
0.338983 -0.175000 -0.303109
0.338983 -0.000000 -0.000000
0.338983 -0.009146 -0.087021
0.338983 -0.018292 -0.174041
0.338983 -0.027439 -0.261062
0.338983 -0.036585 -0.348083
0.338983 0.000000 -0.000000
0.338983 0.027039 -0.083217
0.338983 0.054078 -0.166435
0.338983 0.081117 -0.249652
0.338983 0.108156 -0.332870
0.338983 0.000000 -0.000000
0.338983 0.058549 -0.065025
0.338983 0.117098 -0.130050
0.338983 0.175647 -0.195076
0.338983 0.234196 -0.260101
0.338983 0.000000 -0.000000
0.338983 0.079935 -0.035589
0.338983 0.159870 -0.071179
0.338983 0.239806 -0.106768
0.338983 0.319741 -0.142358
0.372881 0.000000 0.000000
0.372881 0.087500 0.000000
0.372881 0.175000 0.000000
0.372881 0.262500 0.000000
0.372881 0.350000 0.000000
0.372881 0.000000 0.000000
0.372881 0.079935 0.035589
0.372881 0.159870 0.071179
0.372881 0.239806 0.106768
0.372881 0.319741 0.142358
0.372881 0.000000 0.000000
0.372881 0.058549 0.065025
0.372881 0.117098 0.130050
0.372881 0.175647 0.195076
0.372881 0.234196 0.260101
0.372881 0.000000 0.000000
0.372881 0.027039 0.083217
0.372881 0.054078 0.166435
0.372881 0.081117 0.249652
0.372881 0.108156 0.332870
0.372881 -0.000000 0.000000
0.372881 -0.009146 0.087021
0.372881 -0.018292 0.174041
0.372881 -0.027439 0.261062
0.372881 -0.036585 0.348083
0.372881 -0.000000 0.000000
0.372881 -0.043750 0.075777
0.372881 -0.087500 0.151554
0.372881 -0.131250 0.227332
0.372881 -0.175000 0.303109
0.372881 -0.000000 0.000000
0.372881 -0.070789 0.051431
0.372881 -0.141578 0.102862
0.372881 -0.212367 0.154294
0.372881 -0.283156 0.205725
0.372881 -0.000000 0.000000
0.372881 -0.085588 0.018192
0.372881 -0.171176 0.036385
0.372881 -0.256764 0.054577
0.372881 -0.342352 0.072769
0.372881 -0.000000 -0.000000
0.372881 -0.085588 -0.018192
0.372881 -0.171176 -0.036385
0.372881 -0.256764 -0.054577
0.372881 -0.342352 -0.072769
0.372881 -0.000000 -0.000000
0.372881 -0.070789 -0.051431
0.372881 -0.141578 -0.102862
0.372881 -0.212367 -0.154294
0.372881 -0.283156 -0.205725
0.372881 -0.000000 -0.000000
0.372881 -0.043750 -0.075777
0.372881 -0.087500 -0.151554
0.372881 -0.131250 -0.227332
0.372881 -0.175000 -0.303109
0.372881 -0.000000 -0.000000
0.372881 -0.009146 -0.087021
0.372881 -0.018292 -0.174041
0.372881 -0.027439 -0.261062
0.372881 -0.036585 -0.348083
0.372881 0.000000 -0.000000
0.372881 0.027039 -0.083217
0.372881 0.054078 -0.166435
0.372881 0.081117 -0.249652
0.372881 0.108156 -0.332870
0.372881 0.000000 -0.000000
0.372881 0.058549 -0.065025
0.372881 0.117098 -0.130050
0.372881 0.175647 -0.195076
0.372881 0.234196 -0.260101
0.372881 0.000000 -0.000000
0.372881 0.079935 -0.035589
0.372881 0.159870 -0.071179
0.372881 0.239806 -0.106768
0.372881 0.319741 -0.142358
0.406780 0.000000 0.000000
0.406780 0.087500 0.000000
0.406780 0.175000 0.000000
0.406780 0.262500 0.000000
0.406780 0.350000 0.000000
0.406780 0.000000 0.000000
0.406780 0.079935 0.035589
0.406780 0.159870 0.071179
0.406780 0.239806 0.106768
0.406780 0.319741 0.142358
0.406780 0.000000 0.000000
0.406780 0.058549 0.065025
0.406780 0.117098 0.130050
0.406780 0.175647 0.195076
0.406780 0.234196 0.260101
0.406780 0.000000 0.000000
0.406780 0.027039 0.083217
0.406780 0.054078 0.166435
0.406780 0.081117 0.249652
0.406780 0.108156 0.332870
0.406780 -0.000000 0.000000
0.406780 -0.009146 0.087021
0.406780 -0.018292 0.174041
0.406780 -0.027439 0.261062
0.406780 -0.036585 0.348083
0.406780 -0.000000 0.000000
0.406780 -0.043750 0.075777
0.406780 -0.087500 0.151554
0.406780 -0.131250 0.227332
0.406780 -0.175000 0.303109
0.406780 -0.000000 0.000000
0.406780 -0.070789 0.051431
0.406780 -0.141578 0.102862
0.406780 -0.212367 0.154294
0.406780 -0.283156 0.205725
0.406780 -0.000000 0.000000
0.406780 -0.085588 0.018192
0.406780 -0.171176 0.036385
0.406780 -0.256764 0.054577
0.406780 -0.342352 0.072769
0.406780 -0.000000 -0.000000
0.406780 -0.085588 -0.018192
0.406780 -0.171176 -0.036385
0.406780 -0.256764 -0.054577
0.406780 -0.342352 -0.072769
0.406780 -0.000000 -0.000000
0.406780 -0.070789 -0.051431
0.406780 -0.141578 -0.102862
0.406780 -0.212367 -0.154294
0.406780 -0.283156 -0.205725
0.406780 -0.000000 -0.000000
0.406780 -0.043750 -0.075777
0.406780 -0.087500 -0.151554
0.406780 -0.131250 -0.227332
0.406780 -0.175000 -0.303109
0.406780 -0.000000 -0.000000
0.406780 -0.009146 -0.087021
0.406780 -0.018292 -0.174041
0.406780 -0.027439 -0.261062
0.406780 -0.036585 -0.348083
0.406780 0.000000 -0.000000
0.406780 0.027039 -0.083217
0.406780 0.054078 -0.166435
0.406780 0.081117 -0.249652
0.406780 0.108156 -0.332870
0.406780 0.000000 -0.000000
0.406780 0.058549 -0.065025
0.406780 0.117098 -0.130050
0.406780 0.175647 -0.195076
0.406780 0.234196 -0.260101
0.406780 0.000000 -0.000000
0.406780 0.079935 -0.035589
0.406780 0.159870 -0.071179
0.406780 0.239806 -0.106768
0.406780 0.319741 -0.142358
0.440678 0.000000 0.000000
0.440678 0.087500 0.000000
0.440678 0.175000 0.000000
0.440678 0.262500 0.000000
0.440678 0.350000 0.000000
0.440678 0.000000 0.000000
0.440678 0.079935 0.035589
0.440678 0.159870 0.071179
0.440678 0.239806 0.106768
0.440678 0.319741 0.142358
0.440678 0.000000 0.000000
0.440678 0.058549 0.065025
0.440678 0.117098 0.130050
0.440678 0.175647 0.195076
0.440678 0.234196 0.260101
0.440678 0.000000 0.000000
0.440678 0.027039 0.083217
0.440678 0.054078 0.166435
0.440678 0.081117 0.249652
0.440678 0.108156 0.332870
0.440678 -0.000000 0.000000
0.440678 -0.009146 0.087021
0.440678 -0.018292 0.174041
0.440678 -0.027439 0.261062
0.440678 -0.036585 0.348083
0.440678 -0.000000 0.000000
0.440678 -0.043750 0.075777
0.440678 -0.087500 0.151554
0.440678 -0.131250 0.227332
0.440678 -0.175000 0.303109
0.440678 -0.000000 0.000000
0.440678 -0.070789 0.051431
0.440678 -0.141578 0.102862
0.440678 -0.212367 0.154294
0.440678 -0.283156 0.205725
0.440678 -0.000000 0.000000
0.440678 -0.085588 0.018192
0.440678 -0.171176 0.036385
0.440678 -0.256764 0.054577
0.440678 -0.342352 0.072769
0.440678 -0.000000 -0.000000
0.440678 -0.085588 -0.018192
0.440678 -0.171176 -0.036385
0.440678 -0.256764 -0.054577
0.440678 -0.342352 -0.072769
0.440678 -0.000000 -0.000000
0.440678 -0.070789 -0.051431
0.440678 -0.141578 -0.102862
0.440678 -0.212367 -0.154294
0.440678 -0.283156 -0.205725
0.440678 -0.000000 -0.000000
0.440678 -0.043750 -0.075777
0.440678 -0.087500 -0.151554
0.440678 -0.131250 -0.227332
0.440678 -0.175000 -0.303109
0.440678 -0.000000 -0.000000
0.440678 -0.009146 -0.087021
0.440678 -0.018292 -0.174041
0.440678 -0.027439 -0.261062
0.440678 -0.036585 -0.348083
0.440678 0.000000 -0.000000
0.440678 0.027039 -0.083217
0.440678 0.054078 -0.166435
0.440678 0.081117 -0.249652
0.440678 0.108156 -0.332870
0.440678 0.000000 -0.000000
0.440678 0.058549 -0.065025
0.440678 0.117098 -0.130050
0.440678 0.175647 -0.195076
0.440678 0.234196 -0.260101
0.440678 0.000000 -0.000000
0.440678 0.079935 -0.035589
0.440678 0.159870 -0.071179
0.440678 0.239806 -0.106768
0.440678 0.319741 -0.142358
0.474576 0.000000 0.000000
0.474576 0.087500 0.000000
0.474576 0.175000 0.000000
0.474576 0.262500 0.000000
0.474576 0.350000 0.000000
0.474576 0.000000 0.000000
0.474576 0.079935 0.035589
0.474576 0.159870 0.071179
0.474576 0.239806 0.106768
0.474576 0.319741 0.142358
0.474576 0.000000 0.000000
0.474576 0.058549 0.065025
0.474576 0.117098 0.130050
0.474576 0.175647 0.195076
0.474576 0.234196 0.260101
0.474576 0.000000 0.000000
0.474576 0.027039 0.083217
0.474576 0.054078 0.166435
0.474576 0.081117 0.249652
0.474576 0.108156 0.332870
0.474576 -0.000000 0.000000
0.474576 -0.009146 0.087021
0.474576 -0.018292 0.174041
0.474576 -0.027439 0.261062
0.474576 -0.036585 0.348083
0.474576 -0.000000 0.000000
0.474576 -0.043750 0.075777
0.474576 -0.087500 0.151554
0.474576 -0.131250 0.227332
0.474576 -0.175000 0.303109
0.474576 -0.000000 0.000000
0.474576 -0.070789 0.051431
0.474576 -0.141578 0.102862
0.474576 -0.212367 0.154294
0.474576 -0.283156 0.205725
0.474576 -0.000000 0.000000
0.474576 -0.085588 0.018192
0.474576 -0.171176 0.036385
0.474576 -0.256764 0.054577
0.474576 -0.342352 0.072769
0.474576 -0.000000 -0.000000
0.474576 -0.085588 -0.018192
0.474576 -0.171176 -0.036385
0.474576 -0.256764 -0.054577
0.474576 -0.342352 -0.072769
0.474576 -0.000000 -0.000000
0.474576 -0.070789 -0.051431
0.474576 -0.141578 -0.102862
0.474576 -0.212367 -0.154294
0.474576 -0.283156 -0.205725
0.474576 -0.000000 -0.000000
0.474576 -0.043750 -0.075777
0.474576 -0.087500 -0.151554
0.474576 -0.131250 -0.227332
0.474576 -0.175000 -0.303109
0.474576 -0.000000 -0.000000
0.474576 -0.009146 -0.087021
0.474576 -0.018292 -0.174041
0.474576 -0.027439 -0.261062
0.474576 -0.036585 -0.348083
0.474576 0.000000 -0.000000
0.474576 0.027039 -0.083217
0.474576 0.054078 -0.166435
0.474576 0.081117 -0.249652
0.474576 0.108156 -0.332870
0.474576 0.000000 -0.000000
0.474576 0.058549 -0.065025
0.474576 0.117098 -0.130050
0.474576 0.175647 -0.195076
0.474576 0.234196 -0.260101
0.474576 0.000000 -0.000000
0.474576 0.079935 -0.035589
0.474576 0.159870 -0.071179
0.474576 0.239806 -0.106768
0.474576 0.319741 -0.142358
0.508475 0.000000 0.000000
0.508475 0.087500 0.000000
0.508475 0.175000 0.000000
0.508475 0.262500 0.000000
0.508475 0.350000 0.000000
0.508475 0.000000 0.000000
0.508475 0.079935 0.035589
0.508475 0.159870 0.071179
0.508475 0.239806 0.106768
0.508475 0.319741 0.142358
0.508475 0.000000 0.000000
0.508475 0.058549 0.065025
0.508475 0.117098 0.130050
0.508475 0.175647 0.195076
0.508475 0.234196 0.260101
0.508475 0.000000 0.000000
0.508475 0.027039 0.083217
0.508475 0.054078 0.166435
0.508475 0.081117 0.249652
0.508475 0.108156 0.332870
0.508475 -0.000000 0.000000
0.508475 -0.009146 0.087021
0.508475 -0.018292 0.174041
0.508475 -0.027439 0.261062
0.508475 -0.036585 0.348083
0.508475 -0.000000 0.000000
0.508475 -0.043750 0.075777
0.508475 -0.087500 0.151554
0.508475 -0.131250 0.227332
0.508475 -0.175000 0.303109
0.508475 -0.000000 0.000000
0.508475 -0.070789 0.051431
0.508475 -0.141578 0.102862
0.508475 -0.212367 0.154294
0.508475 -0.283156 0.205725
0.508475 -0.000000 0.000000
0.508475 -0.085588 0.018192
0.508475 -0.171176 0.036385
0.508475 -0.256764 0.054577
0.508475 -0.342352 0.072769
0.508475 -0.000000 -0.000000
0.508475 -0.085588 -0.018192
0.508475 -0.171176 -0.036385
0.508475 -0.256764 -0.054577
0.508475 -0.342352 -0.072769
0.508475 -0.000000 -0.000000
0.508475 -0.070789 -0.051431
0.508475 -0.141578 -0.102862
0.508475 -0.212367 -0.154294
0.508475 -0.283156 -0.205725
0.508475 -0.000000 -0.000000
0.508475 -0.043750 -0.075777
0.508475 -0.087500 -0.151554
0.508475 -0.131250 -0.227332
0.508475 -0.175000 -0.303109
0.508475 -0.000000 -0.000000
0.508475 -0.009146 -0.087021
0.508475 -0.018292 -0.174041
0.508475 -0.027439 -0.261062
0.508475 -0.036585 -0.348083
0.508475 0.000000 -0.000000
0.508475 0.027039 -0.083217
0.508475 0.054078 -0.166435
0.508475 0.081117 -0.249652
0.508475 0.108156 -0.332870
0.508475 0.000000 -0.000000
0.508475 0.058549 -0.065025
0.508475 0.117098 -0.130050
0.508475 0.175647 -0.195076
0.508475 0.234196 -0.260101
0.508475 0.000000 -0.000000
0.508475 0.079935 -0.035589
0.508475 0.159870 -0.071179
0.508475 0.239806 -0.106768
0.508475 0.319741 -0.142358
0.542373 0.000000 0.000000
0.542373 0.087500 0.000000
0.542373 0.175000 0.000000
0.542373 0.262500 0.000000
0.542373 0.350000 0.000000
0.542373 0.000000 0.000000
0.542373 0.079935 0.035589
0.542373 0.159870 0.071179
0.542373 0.239806 0.106768
0.542373 0.319741 0.142358
0.542373 0.000000 0.000000
0.542373 0.058549 0.065025
0.542373 0.117098 0.130050
0.542373 0.175647 0.195076
0.542373 0.234196 0.260101
0.542373 0.000000 0.000000
0.542373 0.027039 0.083217
0.542373 0.054078 0.166435
0.542373 0.081117 0.249652
0.542373 0.108156 0.332870
0.542373 -0.000000 0.000000
0.542373 -0.009146 0.087021
0.542373 -0.018292 0.174041
0.542373 -0.027439 0.261062
0.542373 -0.036585 0.348083
0.542373 -0.000000 0.000000
0.542373 -0.043750 0.075777
0.542373 -0.087500 0.151554
0.542373 -0.131250 0.227332
0.542373 -0.175000 0.303109
0.542373 -0.000000 0.000000
0.542373 -0.070789 0.051431
0.542373 -0.141578 0.102862
0.542373 -0.212367 0.154294
0.542373 -0.283156 0.205725
0.542373 -0.000000 0.000000
0.542373 -0.085588 0.018192
0.542373 -0.171176 0.036385
0.542373 -0.256764 0.054577
0.542373 -0.342352 0.072769
0.542373 -0.000000 -0.000000
0.542373 -0.085588 -0.018192
0.542373 -0.171176 -0.036385
0.542373 -0.256764 -0.054577
0.542373 -0.342352 -0.072769
0.542373 -0.000000 -0.000000
0.542373 -0.070789 -0.051431
0.542373 -0.141578 -0.102862
0.542373 -0.212367 -0.154294
0.542373 -0.283156 -0.205725
0.542373 -0.000000 -0.000000
0.542373 -0.043750 -0.075777
0.542373 -0.087500 -0.151554
0.542373 -0.131250 -0.227332
0.542373 -0.175000 -0.303109
0.542373 -0.000000 -0.000000
0.542373 -0.009146 -0.087021
0.542373 -0.018292 -0.174041
0.542373 -0.027439 -0.261062
0.542373 -0.036585 -0.348083
0.542373 0.000000 -0.000000
0.542373 0.027039 -0.083217
0.542373 0.054078 -0.166435
0.542373 0.081117 -0.249652
0.542373 0.108156 -0.332870
0.542373 0.000000 -0.000000
0.542373 0.058549 -0.065025
0.542373 0.117098 -0.130050
0.542373 0.175647 -0.195076
0.542373 0.234196 -0.260101
0.542373 0.000000 -0.000000
0.542373 0.079935 -0.035589
0.542373 0.159870 -0.071179
0.542373 0.239806 -0.106768
0.542373 0.319741 -0.142358
0.576271 0.000000 0.000000
0.576271 0.087500 0.000000
0.576271 0.175000 0.000000
0.576271 0.262500 0.000000
0.576271 0.350000 0.000000
0.576271 0.000000 0.000000
0.576271 0.079935 0.035589
0.576271 0.159870 0.071179
0.576271 0.239806 0.106768
0.576271 0.319741 0.142358
0.576271 0.000000 0.000000
0.576271 0.058549 0.065025
0.576271 0.117098 0.130050
0.576271 0.175647 0.195076
0.576271 0.234196 0.260101
0.576271 0.000000 0.000000
0.576271 0.027039 0.083217
0.576271 0.054078 0.166435
0.576271 0.081117 0.249652
0.576271 0.108156 0.332870
0.576271 -0.000000 0.000000
0.576271 -0.009146 0.087021
0.576271 -0.018292 0.174041
0.576271 -0.027439 0.261062
0.576271 -0.036585 0.348083
0.576271 -0.000000 0.000000
0.576271 -0.043750 0.075777
0.576271 -0.087500 0.151554
0.576271 -0.131250 0.227332
0.576271 -0.175000 0.303109
0.576271 -0.000000 0.000000
0.576271 -0.070789 0.051431
0.576271 -0.141578 0.102862
0.576271 -0.212367 0.154294
0.576271 -0.283156 0.205725
0.576271 -0.000000 0.000000
0.576271 -0.085588 0.018192
0.576271 -0.171176 0.036385
0.576271 -0.256764 0.054577
0.576271 -0.342352 0.072769
0.576271 -0.000000 -0.000000
0.576271 -0.085588 -0.018192
0.576271 -0.171176 -0.036385
0.576271 -0.256764 -0.054577
0.576271 -0.342352 -0.072769
0.576271 -0.000000 -0.000000
0.576271 -0.070789 -0.051431
0.576271 -0.141578 -0.102862
0.576271 -0.212367 -0.154294
0.576271 -0.283156 -0.205725
0.576271 -0.000000 -0.000000
0.576271 -0.043750 -0.075777
0.576271 -0.087500 -0.151554
0.576271 -0.131250 -0.227332
0.576271 -0.175000 -0.303109
0.576271 -0.000000 -0.000000
0.576271 -0.009146 -0.087021
0.576271 -0.018292 -0.174041
0.576271 -0.027439 -0.261062
0.576271 -0.036585 -0.348083
0.576271 0.000000 -0.000000
0.576271 0.027039 -0.083217
0.576271 0.054078 -0.166435
0.576271 0.081117 -0.249652
0.576271 0.108156 -0.332870
0.576271 0.000000 -0.000000
0.576271 0.058549 -0.065025
0.576271 0.117098 -0.130050
0.576271 0.175647 -0.195076
0.576271 0.234196 -0.260101
0.576271 0.000000 -0.000000
0.576271 0.079935 -0.035589
0.576271 0.159870 -0.071179
0.576271 0.239806 -0.106768
0.576271 0.319741 -0.142358
0.610169 0.000000 0.000000
0.610169 0.087500 0.000000
0.610169 0.175000 0.000000
0.610169 0.262500 0.000000
0.610169 0.350000 0.000000
0.610169 0.000000 0.000000
0.610169 0.079935 0.035589
0.610169 0.159870 0.071179
0.610169 0.239806 0.106768
0.610169 0.319741 0.142358
0.610169 0.000000 0.000000
0.610169 0.058549 0.065025
0.610169 0.117098 0.130050
0.610169 0.175647 0.195076
0.610169 0.234196 0.260101
0.610169 0.000000 0.000000
0.610169 0.027039 0.083217
0.610169 0.054078 0.166435
0.610169 0.081117 0.249652
0.610169 0.108156 0.332870
0.610169 -0.000000 0.000000
0.610169 -0.009146 0.087021
0.610169 -0.018292 0.174041
0.610169 -0.027439 0.261062
0.610169 -0.036585 0.348083
0.610169 -0.000000 0.000000
0.610169 -0.043750 0.075777
0.610169 -0.087500 0.151554
0.610169 -0.131250 0.227332
0.610169 -0.175000 0.303109
0.610169 -0.000000 0.000000
0.610169 -0.070789 0.051431
0.610169 -0.141578 0.102862
0.610169 -0.212367 0.154294
0.610169 -0.283156 0.205725
0.610169 -0.000000 0.000000
0.610169 -0.085588 0.018192
0.610169 -0.171176 0.036385
0.610169 -0.256764 0.054577
0.610169 -0.342352 0.072769
0.610169 -0.000000 -0.000000
0.610169 -0.085588 -0.018192
0.610169 -0.171176 -0.036385
0.610169 -0.256764 -0.054577
0.610169 -0.342352 -0.072769
0.610169 -0.000000 -0.000000
0.610169 -0.070789 -0.051431
0.610169 -0.141578 -0.102862
0.610169 -0.212367 -0.154294
0.610169 -0.283156 -0.205725
0.610169 -0.000000 -0.000000
0.610169 -0.043750 -0.075777
0.610169 -0.087500 -0.151554
0.610169 -0.131250 -0.227332
0.610169 -0.175000 -0.303109
0.610169 -0.000000 -0.000000
0.610169 -0.009146 -0.087021
0.610169 -0.018292 -0.174041
0.610169 -0.027439 -0.261062
0.610169 -0.036585 -0.348083
0.610169 0.000000 -0.000000
0.610169 0.027039 -0.083217
0.610169 0.054078 -0.166435
0.610169 0.081117 -0.249652
0.610169 0.108156 -0.332870
0.610169 0.000000 -0.000000
0.610169 0.058549 -0.065025
0.610169 0.117098 -0.130050
0.610169 0.175647 -0.195076
0.610169 0.234196 -0.260101
0.610169 0.000000 -0.000000
0.610169 0.079935 -0.035589
0.610169 0.159870 -0.071179
0.610169 0.239806 -0.106768
0.610169 0.319741 -0.142358
0.644068 0.000000 0.000000
0.644068 0.087500 0.000000
0.644068 0.175000 0.000000
0.644068 0.262500 0.000000
0.644068 0.350000 0.000000
0.644068 0.000000 0.000000
0.644068 0.079935 0.035589
0.644068 0.159870 0.071179
0.644068 0.239806 0.106768
0.644068 0.319741 0.142358
0.644068 0.000000 0.000000
0.644068 0.058549 0.065025
0.644068 0.117098 0.130050
0.644068 0.175647 0.195076
0.644068 0.234196 0.260101
0.644068 0.000000 0.000000
0.644068 0.027039 0.083217
0.644068 0.054078 0.166435
0.644068 0.081117 0.249652
0.644068 0.108156 0.332870
0.644068 -0.000000 0.000000
0.644068 -0.009146 0.087021
0.644068 -0.018292 0.174041
0.644068 -0.027439 0.261062
0.644068 -0.036585 0.348083
0.644068 -0.000000 0.000000
0.644068 -0.043750 0.075777
0.644068 -0.087500 0.151554
0.644068 -0.131250 0.227332
0.644068 -0.175000 0.303109
0.644068 -0.000000 0.000000
0.644068 -0.070789 0.051431
0.644068 -0.141578 0.102862
0.644068 -0.212367 0.154294
0.644068 -0.283156 0.205725
0.644068 -0.000000 0.000000
0.644068 -0.085588 0.018192
0.644068 -0.171176 0.036385
0.644068 -0.256764 0.054577
0.644068 -0.342352 0.072769
0.644068 -0.000000 -0.000000
0.644068 -0.085588 -0.018192
0.644068 -0.171176 -0.036385
0.644068 -0.256764 -0.054577
0.644068 -0.342352 -0.072769
0.644068 -0.000000 -0.000000
0.644068 -0.070789 -0.051431
0.644068 -0.141578 -0.102862
0.644068 -0.212367 -0.154294
0.644068 -0.283156 -0.205725
0.644068 -0.000000 -0.000000
0.644068 -0.043750 -0.075777
0.644068 -0.087500 -0.151554
0.644068 -0.131250 -0.227332
0.644068 -0.175000 -0.303109
0.644068 -0.000000 -0.000000
0.644068 -0.009146 -0.087021
0.644068 -0.018292 -0.174041
0.644068 -0.027439 -0.261062
0.644068 -0.036585 -0.348083
0.644068 0.000000 -0.000000
0.644068 0.027039 -0.083217
0.644068 0.054078 -0.166435
0.644068 0.081117 -0.249652
0.644068 0.108156 -0.332870
0.644068 0.000000 -0.000000
0.644068 0.058549 -0.065025
0.644068 0.117098 -0.130050
0.644068 0.175647 -0.195076
0.644068 0.234196 -0.260101
0.644068 0.000000 -0.000000
0.644068 0.079935 -0.035589
0.644068 0.159870 -0.071179
0.644068 0.239806 -0.106768
0.644068 0.319741 -0.142358
0.677966 0.000000 0.000000
0.677966 0.087500 0.000000
0.677966 0.175000 0.000000
0.677966 0.262500 0.000000
0.677966 0.350000 0.000000
0.677966 0.000000 0.000000
0.677966 0.079935 0.035589
0.677966 0.159870 0.071179
0.677966 0.239806 0.106768
0.677966 0.319741 0.142358
0.677966 0.000000 0.000000
0.677966 0.058549 0.065025
0.677966 0.117098 0.130050
0.677966 0.175647 0.195076
0.677966 0.234196 0.260101
0.677966 0.000000 0.000000
0.677966 0.027039 0.083217
0.677966 0.054078 0.166435
0.677966 0.081117 0.249652
0.677966 0.108156 0.332870
0.677966 -0.000000 0.000000
0.677966 -0.009146 0.087021
0.677966 -0.018292 0.174041
0.677966 -0.027439 0.261062
0.677966 -0.036585 0.348083
0.677966 -0.000000 0.000000
0.677966 -0.043750 0.075777
0.677966 -0.087500 0.151554
0.677966 -0.131250 0.227332
0.677966 -0.175000 0.303109
0.677966 -0.000000 0.000000
0.677966 -0.070789 0.051431
0.677966 -0.141578 0.102862
0.677966 -0.212367 0.154294
0.677966 -0.283156 0.205725
0.677966 -0.000000 0.000000
0.677966 -0.085588 0.018192
0.677966 -0.171176 0.036385
0.677966 -0.256764 0.054577
0.677966 -0.342352 0.072769
0.677966 -0.000000 -0.000000
0.677966 -0.085588 -0.018192
0.677966 -0.171176 -0.036385
0.677966 -0.256764 -0.054577
0.677966 -0.342352 -0.072769
0.677966 -0.000000 -0.000000
0.677966 -0.070789 -0.051431
0.677966 -0.141578 -0.102862
0.677966 -0.212367 -0.154294
0.677966 -0.283156 -0.205725
0.677966 -0.000000 -0.000000
0.677966 -0.043750 -0.075777
0.677966 -0.087500 -0.151554
0.677966 -0.131250 -0.227332
0.677966 -0.175000 -0.303109
0.677966 -0.000000 -0.000000
0.677966 -0.009146 -0.087021
0.677966 -0.018292 -0.174041
0.677966 -0.027439 -0.261062
0.677966 -0.036585 -0.348083
0.677966 0.000000 -0.000000
0.677966 0.027039 -0.083217
0.677966 0.054078 -0.166435
0.677966 0.081117 -0.249652
0.677966 0.108156 -0.332870
0.677966 0.000000 -0.000000
0.677966 0.058549 -0.065025
0.677966 0.117098 -0.130050
0.677966 0.175647 -0.195076
0.677966 0.234196 -0.260101
0.677966 0.000000 -0.000000
0.677966 0.079935 -0.035589
0.677966 0.159870 -0.071179
0.677966 0.239806 -0.106768
0.677966 0.319741 -0.142358
0.711864 0.000000 0.000000
0.711864 0.087500 0.000000
0.711864 0.175000 0.000000
0.711864 0.262500 0.000000
0.711864 0.350000 0.000000
0.711864 0.000000 0.000000
0.711864 0.079935 0.035589
0.711864 0.159870 0.071179
0.711864 0.239806 0.106768
0.711864 0.319741 0.142358
0.711864 0.000000 0.000000
0.711864 0.058549 0.065025
0.711864 0.117098 0.130050
0.711864 0.175647 0.195076
0.711864 0.234196 0.260101
0.711864 0.000000 0.000000
0.711864 0.027039 0.083217
0.711864 0.054078 0.166435
0.711864 0.081117 0.249652
0.711864 0.108156 0.332870
0.711864 -0.000000 0.000000
0.711864 -0.009146 0.087021
0.711864 -0.018292 0.174041
0.711864 -0.027439 0.261062
0.711864 -0.036585 0.348083
0.711864 -0.000000 0.000000
0.711864 -0.043750 0.075777
0.711864 -0.087500 0.151554
0.711864 -0.131250 0.227332
0.711864 -0.175000 0.303109
0.711864 -0.000000 0.000000
0.711864 -0.070789 0.051431
0.711864 -0.141578 0.102862
0.711864 -0.212367 0.154294
0.711864 -0.283156 0.205725
0.711864 -0.000000 0.000000
0.711864 -0.085588 0.018192
0.711864 -0.171176 0.036385
0.711864 -0.256764 0.054577
0.711864 -0.342352 0.072769
0.711864 -0.000000 -0.000000
0.711864 -0.085588 -0.018192
0.711864 -0.171176 -0.036385
0.711864 -0.256764 -0.054577
0.711864 -0.342352 -0.072769
0.711864 -0.000000 -0.000000
0.711864 -0.070789 -0.051431
0.711864 -0.141578 -0.102862
0.711864 -0.212367 -0.154294
0.711864 -0.283156 -0.205725
0.711864 -0.000000 -0.000000
0.711864 -0.043750 -0.075777
0.711864 -0.087500 -0.151554
0.711864 -0.131250 -0.227332
0.711864 -0.175000 -0.303109
0.711864 -0.000000 -0.000000
0.711864 -0.009146 -0.087021
0.711864 -0.018292 -0.174041
0.711864 -0.027439 -0.261062
0.711864 -0.036585 -0.348083
0.711864 0.000000 -0.000000
0.711864 0.027039 -0.083217
0.711864 0.054078 -0.166435
0.711864 0.081117 -0.249652
0.711864 0.108156 -0.332870
0.711864 0.000000 -0.000000
0.711864 0.058549 -0.065025
0.711864 0.117098 -0.130050
0.711864 0.175647 -0.195076
0.711864 0.234196 -0.260101
0.711864 0.000000 -0.000000
0.711864 0.079935 -0.035589
0.711864 0.159870 -0.071179
0.711864 0.239806 -0.106768
0.711864 0.319741 -0.142358
0.745763 0.000000 0.000000
0.745763 0.087500 0.000000
0.745763 0.175000 0.000000
0.745763 0.262500 0.000000
0.745763 0.350000 0.000000
0.745763 0.000000 0.000000
0.745763 0.079935 0.035589
0.745763 0.159870 0.071179
0.745763 0.239806 0.106768
0.745763 0.319741 0.142358
0.745763 0.000000 0.000000
0.745763 0.058549 0.065025
0.745763 0.117098 0.130050
0.745763 0.175647 0.195076
0.745763 0.234196 0.260101
0.745763 0.000000 0.000000
0.745763 0.027039 0.083217
0.745763 0.054078 0.166435
0.745763 0.081117 0.249652
0.745763 0.108156 0.332870
0.745763 -0.000000 0.000000
0.745763 -0.009146 0.087021
0.745763 -0.018292 0.174041
0.745763 -0.027439 0.261062
0.745763 -0.036585 0.348083
0.745763 -0.000000 0.000000
0.745763 -0.043750 0.075777
0.745763 -0.087500 0.151554
0.745763 -0.131250 0.227332
0.745763 -0.175000 0.303109
0.745763 -0.000000 0.000000
0.745763 -0.070789 0.051431
0.745763 -0.141578 0.102862
0.745763 -0.212367 0.154294
0.745763 -0.283156 0.205725
0.745763 -0.000000 0.000000
0.745763 -0.085588 0.018192
0.745763 -0.171176 0.036385
0.745763 -0.256764 0.054577
0.745763 -0.342352 0.072769
0.745763 -0.000000 -0.000000
0.745763 -0.085588 -0.018192
0.745763 -0.171176 -0.036385
0.745763 -0.256764 -0.054577
0.745763 -0.342352 -0.072769
0.745763 -0.000000 -0.000000
0.745763 -0.070789 -0.051431
0.745763 -0.141578 -0.102862
0.745763 -0.212367 -0.154294
0.745763 -0.283156 -0.205725
0.745763 -0.000000 -0.000000
0.745763 -0.043750 -0.075777
0.745763 -0.087500 -0.151554
0.745763 -0.131250 -0.227332
0.745763 -0.175000 -0.303109
0.745763 -0.000000 -0.000000
0.745763 -0.009146 -0.087021
0.745763 -0.018292 -0.174041
0.745763 -0.027439 -0.261062
0.745763 -0.036585 -0.348083
0.745763 0.000000 -0.000000
0.745763 0.027039 -0.083217
0.745763 0.054078 -0.166435
0.745763 0.081117 -0.249652
0.745763 0.108156 -0.332870
0.745763 0.000000 -0.000000
0.745763 0.058549 -0.065025
0.745763 0.117098 -0.130050
0.745763 0.175647 -0.195076
0.745763 0.234196 -0.260101
0.745763 0.000000 -0.000000
0.745763 0.079935 -0.035589
0.745763 0.159870 -0.071179
0.745763 0.239806 -0.106768
0.745763 0.319741 -0.142358
0.779661 0.000000 0.000000
0.779661 0.087500 0.000000
0.779661 0.175000 0.000000
0.779661 0.262500 0.000000
0.779661 0.350000 0.000000
0.779661 0.000000 0.000000
0.779661 0.079935 0.035589
0.779661 0.159870 0.071179
0.779661 0.239806 0.106768
0.779661 0.319741 0.142358
0.779661 0.000000 0.000000
0.779661 0.058549 0.065025
0.779661 0.117098 0.130050
0.779661 0.175647 0.195076
0.779661 0.234196 0.260101
0.779661 0.000000 0.000000
0.779661 0.027039 0.083217
0.779661 0.054078 0.166435
0.779661 0.081117 0.249652
0.779661 0.108156 0.332870
0.779661 -0.000000 0.000000
0.779661 -0.009146 0.087021
0.779661 -0.018292 0.174041
0.779661 -0.027439 0.261062
0.779661 -0.036585 0.348083
0.779661 -0.000000 0.000000
0.779661 -0.043750 0.075777
0.779661 -0.087500 0.151554
0.779661 -0.131250 0.227332
0.779661 -0.175000 0.303109
0.779661 -0.000000 0.000000
0.779661 -0.070789 0.051431
0.779661 -0.141578 0.102862
0.779661 -0.212367 0.154294
0.779661 -0.283156 0.205725
0.779661 -0.000000 0.000000
0.779661 -0.085588 0.018192
0.779661 -0.171176 0.036385
0.779661 -0.256764 0.054577
0.779661 -0.342352 0.072769
0.779661 -0.000000 -0.000000
0.779661 -0.085588 -0.018192
0.779661 -0.171176 -0.036385
0.779661 -0.256764 -0.054577
0.779661 -0.342352 -0.072769
0.779661 -0.000000 -0.000000
0.779661 -0.070789 -0.051431
0.779661 -0.141578 -0.102862
0.779661 -0.212367 -0.154294
0.779661 -0.283156 -0.205725
0.779661 -0.000000 -0.000000
0.779661 -0.043750 -0.075777
0.779661 -0.087500 -0.151554
0.779661 -0.131250 -0.227332
0.779661 -0.175000 -0.303109
0.779661 -0.000000 -0.000000
0.779661 -0.009146 -0.087021
0.779661 -0.018292 -0.174041
0.779661 -0.027439 -0.261062
0.779661 -0.036585 -0.348083
0.779661 0.000000 -0.000000
0.779661 0.027039 -0.083217
0.779661 0.054078 -0.166435
0.779661 0.081117 -0.249652
0.779661 0.108156 -0.332870
0.779661 0.000000 -0.000000
0.779661 0.058549 -0.065025
0.779661 0.117098 -0.130050
0.779661 0.175647 -0.195076
0.779661 0.234196 -0.260101
0.779661 0.000000 -0.000000
0.779661 0.079935 -0.035589
0.779661 0.159870 -0.071179
0.779661 0.239806 -0.106768
0.779661 0.319741 -0.142358
0.813559 0.000000 0.000000
0.813559 0.087500 0.000000
0.813559 0.175000 0.000000
0.813559 0.262500 0.000000
0.813559 0.350000 0.000000
0.813559 0.000000 0.000000
0.813559 0.079935 0.035589
0.813559 0.159870 0.071179
0.813559 0.239806 0.106768
0.813559 0.319741 0.142358
0.813559 0.000000 0.000000
0.813559 0.058549 0.065025
0.813559 0.117098 0.130050
0.813559 0.175647 0.195076
0.813559 0.234196 0.260101
0.813559 0.000000 0.000000
0.813559 0.027039 0.083217
0.813559 0.054078 0.166435
0.813559 0.081117 0.249652
0.813559 0.108156 0.332870
0.813559 -0.000000 0.000000
0.813559 -0.009146 0.087021
0.813559 -0.018292 0.174041
0.813559 -0.027439 0.261062
0.813559 -0.036585 0.348083
0.813559 -0.000000 0.000000
0.813559 -0.043750 0.075777
0.813559 -0.087500 0.151554
0.813559 -0.131250 0.227332
0.813559 -0.175000 0.303109
0.813559 -0.000000 0.000000
0.813559 -0.070789 0.051431
0.813559 -0.141578 0.102862
0.813559 -0.212367 0.154294
0.813559 -0.283156 0.205725
0.813559 -0.000000 0.000000
0.813559 -0.085588 0.018192
0.813559 -0.171176 0.036385
0.813559 -0.256764 0.054577
0.813559 -0.342352 0.072769
0.813559 -0.000000 -0.000000
0.813559 -0.085588 -0.018192
0.813559 -0.171176 -0.036385
0.813559 -0.256764 -0.054577
0.813559 -0.342352 -0.072769
0.813559 -0.000000 -0.000000
0.813559 -0.070789 -0.051431
0.813559 -0.141578 -0.102862
0.813559 -0.212367 -0.154294
0.813559 -0.283156 -0.205725
0.813559 -0.000000 -0.000000
0.813559 -0.043750 -0.075777
0.813559 -0.087500 -0.151554
0.813559 -0.131250 -0.227332
0.813559 -0.175000 -0.303109
0.813559 -0.000000 -0.000000
0.813559 -0.009146 -0.087021
0.813559 -0.018292 -0.174041
0.813559 -0.027439 -0.261062
0.813559 -0.036585 -0.348083
0.813559 0.000000 -0.000000
0.813559 0.027039 -0.083217
0.813559 0.054078 -0.166435
0.813559 0.081117 -0.249652
0.813559 0.108156 -0.332870
0.813559 0.000000 -0.000000
0.813559 0.058549 -0.065025
0.813559 0.117098 -0.130050
0.813559 0.175647 -0.195076
0.813559 0.234196 -0.260101
0.813559 0.000000 -0.000000
0.813559 0.079935 -0.035589
0.813559 0.159870 -0.071179
0.813559 0.239806 -0.106768
0.813559 0.319741 -0.142358
0.847458 0.000000 0.000000
0.847458 0.087500 0.000000
0.847458 0.175000 0.000000
0.847458 0.262500 0.000000
0.847458 0.350000 0.000000
0.847458 0.000000 0.000000
0.847458 0.079935 0.035589
0.847458 0.159870 0.071179
0.847458 0.239806 0.106768
0.847458 0.319741 0.142358
0.847458 0.000000 0.000000
0.847458 0.058549 0.065025
0.847458 0.117098 0.130050
0.847458 0.175647 0.195076
0.847458 0.234196 0.260101
0.847458 0.000000 0.000000
0.847458 0.027039 0.083217
0.847458 0.054078 0.166435
0.847458 0.081117 0.249652
0.847458 0.108156 0.332870
0.847458 -0.000000 0.000000
0.847458 -0.009146 0.087021
0.847458 -0.018292 0.174041
0.847458 -0.027439 0.261062
0.847458 -0.036585 0.348083
0.847458 -0.000000 0.000000
0.847458 -0.043750 0.075777
0.847458 -0.087500 0.151554
0.847458 -0.131250 0.227332
0.847458 -0.175000 0.303109
0.847458 -0.000000 0.000000
0.847458 -0.070789 0.051431
0.847458 -0.141578 0.102862
0.847458 -0.212367 0.154294
0.847458 -0.283156 0.205725
0.847458 -0.000000 0.000000
0.847458 -0.085588 0.018192
0.847458 -0.171176 0.036385
0.847458 -0.256764 0.054577
0.847458 -0.342352 0.072769
0.847458 -0.000000 -0.000000
0.847458 -0.085588 -0.018192
0.847458 -0.171176 -0.036385
0.847458 -0.256764 -0.054577
0.847458 -0.342352 -0.072769
0.847458 -0.000000 -0.000000
0.847458 -0.070789 -0.051431
0.847458 -0.141578 -0.102862
0.847458 -0.212367 -0.154294
0.847458 -0.283156 -0.205725
0.847458 -0.000000 -0.000000
0.847458 -0.043750 -0.075777
0.847458 -0.087500 -0.151554
0.847458 -0.131250 -0.227332
0.847458 -0.175000 -0.303109
0.847458 -0.000000 -0.000000
0.847458 -0.009146 -0.087021
0.847458 -0.018292 -0.174041
0.847458 -0.027439 -0.261062
0.847458 -0.036585 -0.348083
0.847458 0.000000 -0.000000
0.847458 0.027039 -0.083217
0.847458 0.054078 -0.166435
0.847458 0.081117 -0.249652
0.847458 0.108156 -0.332870
0.847458 0.000000 -0.000000
0.847458 0.058549 -0.065025
0.847458 0.117098 -0.130050
0.847458 0.175647 -0.195076
0.847458 0.234196 -0.260101
0.847458 0.000000 -0.000000
0.847458 0.079935 -0.035589
0.847458 0.159870 -0.071179
0.847458 0.239806 -0.106768
0.847458 0.319741 -0.142358
0.881356 0.000000 0.000000
0.881356 0.087500 0.000000
0.881356 0.175000 0.000000
0.881356 0.262500 0.000000
0.881356 0.350000 0.000000
0.881356 0.000000 0.000000
0.881356 0.079935 0.035589
0.881356 0.159870 0.071179
0.881356 0.239806 0.106768
0.881356 0.319741 0.142358
0.881356 0.000000 0.000000
0.881356 0.058549 0.065025
0.881356 0.117098 0.130050
0.881356 0.175647 0.195076
0.881356 0.234196 0.260101
0.881356 0.000000 0.000000
0.881356 0.027039 0.083217
0.881356 0.054078 0.166435
0.881356 0.081117 0.249652
0.881356 0.108156 0.332870
0.881356 -0.000000 0.000000
0.881356 -0.009146 0.087021
0.881356 -0.018292 0.174041
0.881356 -0.027439 0.261062
0.881356 -0.036585 0.348083
0.881356 -0.000000 0.000000
0.881356 -0.043750 0.075777
0.881356 -0.087500 0.151554
0.881356 -0.131250 0.227332
0.881356 -0.175000 0.303109
0.881356 -0.000000 0.000000
0.881356 -0.070789 0.051431
0.881356 -0.141578 0.102862
0.881356 -0.212367 0.154294
0.881356 -0.283156 0.205725
0.881356 -0.000000 0.000000
0.881356 -0.085588 0.018192
0.881356 -0.171176 0.036385
0.881356 -0.256764 0.054577
0.881356 -0.342352 0.072769
0.881356 -0.000000 -0.000000
0.881356 -0.085588 -0.018192
0.881356 -0.171176 -0.036385
0.881356 -0.256764 -0.054577
0.881356 -0.342352 -0.072769
0.881356 -0.000000 -0.000000
0.881356 -0.070789 -0.051431
0.881356 -0.141578 -0.102862
0.881356 -0.212367 -0.154294
0.881356 -0.283156 -0.205725
0.881356 -0.000000 -0.000000
0.881356 -0.043750 -0.075777
0.881356 -0.087500 -0.151554
0.881356 -0.131250 -0.227332
0.881356 -0.175000 -0.303109
0.881356 -0.000000 -0.000000
0.881356 -0.009146 -0.087021
0.881356 -0.018292 -0.174041
0.881356 -0.027439 -0.261062
0.881356 -0.036585 -0.348083
0.881356 0.000000 -0.000000
0.881356 0.027039 -0.083217
0.881356 0.054078 -0.166435
0.881356 0.081117 -0.249652
0.881356 0.108156 -0.332870
0.881356 0.000000 -0.000000
0.881356 0.058549 -0.065025
0.881356 0.117098 -0.130050
0.881356 0.175647 -0.195076
0.881356 0.234196 -0.260101
0.881356 0.000000 -0.000000
0.881356 0.079935 -0.035589
0.881356 0.159870 -0.071179
0.881356 0.239806 -0.106768
0.881356 0.319741 -0.142358
0.915254 0.000000 0.000000
0.915254 0.087500 0.000000
0.915254 0.175000 0.000000
0.915254 0.262500 0.000000
0.915254 0.350000 0.000000
0.915254 0.000000 0.000000
0.915254 0.079935 0.035589
0.915254 0.159870 0.071179
0.915254 0.239806 0.106768
0.915254 0.319741 0.142358
0.915254 0.000000 0.000000
0.915254 0.058549 0.065025
0.915254 0.117098 0.130050
0.915254 0.175647 0.195076
0.915254 0.234196 0.260101
0.915254 0.000000 0.000000
0.915254 0.027039 0.083217
0.915254 0.054078 0.166435
0.915254 0.081117 0.249652
0.915254 0.108156 0.332870
0.915254 -0.000000 0.000000
0.915254 -0.009146 0.087021
0.915254 -0.018292 0.174041
0.915254 -0.027439 0.261062
0.915254 -0.036585 0.348083
0.915254 -0.000000 0.000000
0.915254 -0.043750 0.075777
0.915254 -0.087500 0.151554
0.915254 -0.131250 0.227332
0.915254 -0.175000 0.303109
0.915254 -0.000000 0.000000
0.915254 -0.070789 0.051431
0.915254 -0.141578 0.102862
0.915254 -0.212367 0.154294
0.915254 -0.283156 0.205725
0.915254 -0.000000 0.000000
0.915254 -0.085588 0.018192
0.915254 -0.171176 0.036385
0.915254 -0.256764 0.054577
0.915254 -0.342352 0.072769
0.915254 -0.000000 -0.000000
0.915254 -0.085588 -0.018192
0.915254 -0.171176 -0.036385
0.915254 -0.256764 -0.054577
0.915254 -0.342352 -0.072769
0.915254 -0.000000 -0.000000
0.915254 -0.070789 -0.051431
0.915254 -0.141578 -0.102862
0.915254 -0.212367 -0.154294
0.915254 -0.283156 -0.205725
0.915254 -0.000000 -0.000000
0.915254 -0.043750 -0.075777
0.915254 -0.087500 -0.151554
0.915254 -0.131250 -0.227332
0.915254 -0.175000 -0.303109
0.915254 -0.000000 -0.000000
0.915254 -0.009146 -0.087021
0.915254 -0.018292 -0.174041
0.915254 -0.027439 -0.261062
0.915254 -0.036585 -0.348083
0.915254 0.000000 -0.000000
0.915254 0.027039 -0.083217
0.915254 0.054078 -0.166435
0.915254 0.081117 -0.249652
0.915254 0.108156 -0.332870
0.915254 0.000000 -0.000000
0.915254 0.058549 -0.065025
0.915254 0.117098 -0.130050
0.915254 0.175647 -0.195076
0.915254 0.234196 -0.260101
0.915254 0.000000 -0.000000
0.915254 0.079935 -0.035589
0.915254 0.159870 -0.071179
0.915254 0.239806 -0.106768
0.915254 0.319741 -0.142358
0.949153 0.000000 0.000000
0.949153 0.087500 0.000000
0.949153 0.175000 0.000000
0.949153 0.262500 0.000000
0.949153 0.350000 0.000000
0.949153 0.000000 0.000000
0.949153 0.079935 0.035589
0.949153 0.159870 0.071179
0.949153 0.239806 0.106768
0.949153 0.319741 0.142358
0.949153 0.000000 0.000000
0.949153 0.058549 0.065025
0.949153 0.117098 0.130050
0.949153 0.175647 0.195076
0.949153 0.234196 0.260101
0.949153 0.000000 0.000000
0.949153 0.027039 0.083217
0.949153 0.054078 0.166435
0.949153 0.081117 0.249652
0.949153 0.108156 0.332870
0.949153 -0.000000 0.000000
0.949153 -0.009146 0.087021
0.949153 -0.018292 0.174041
0.949153 -0.027439 0.261062
0.949153 -0.036585 0.348083
0.949153 -0.000000 0.000000
0.949153 -0.043750 0.075777
0.949153 -0.087500 0.151554
0.949153 -0.131250 0.227332
0.949153 -0.175000 0.303109
0.949153 -0.000000 0.000000
0.949153 -0.070789 0.051431
0.949153 -0.141578 0.102862
0.949153 -0.212367 0.154294
0.949153 -0.283156 0.205725
0.949153 -0.000000 0.000000
0.949153 -0.085588 0.018192
0.949153 -0.171176 0.036385
0.949153 -0.256764 0.054577
0.949153 -0.342352 0.072769
0.949153 -0.000000 -0.000000
0.949153 -0.085588 -0.018192
0.949153 -0.171176 -0.036385
0.949153 -0.256764 -0.054577
0.949153 -0.342352 -0.072769
0.949153 -0.000000 -0.000000
0.949153 -0.070789 -0.051431
0.949153 -0.141578 -0.102862
0.949153 -0.212367 -0.154294
0.949153 -0.283156 -0.205725
0.949153 -0.000000 -0.000000
0.949153 -0.043750 -0.075777
0.949153 -0.087500 -0.151554
0.949153 -0.131250 -0.227332
0.949153 -0.175000 -0.303109
0.949153 -0.000000 -0.000000
0.949153 -0.009146 -0.087021
0.949153 -0.018292 -0.174041
0.949153 -0.027439 -0.261062
0.949153 -0.036585 -0.348083
0.949153 0.000000 -0.000000
0.949153 0.027039 -0.083217
0.949153 0.054078 -0.166435
0.949153 0.081117 -0.249652
0.949153 0.108156 -0.332870
0.949153 0.000000 -0.000000
0.949153 0.058549 -0.065025
0.949153 0.117098 -0.130050
0.949153 0.175647 -0.195076
0.949153 0.234196 -0.260101
0.949153 0.000000 -0.000000
0.949153 0.079935 -0.035589
0.949153 0.159870 -0.071179
0.949153 0.239806 -0.106768
0.949153 0.319741 -0.142358
0.983051 0.000000 0.000000
0.983051 0.087500 0.000000
0.983051 0.175000 0.000000
0.983051 0.262500 0.000000
0.983051 0.350000 0.000000
0.983051 0.000000 0.000000
0.983051 0.079935 0.035589
0.983051 0.159870 0.071179
0.983051 0.239806 0.106768
0.983051 0.319741 0.142358
0.983051 0.000000 0.000000
0.983051 0.058549 0.065025
0.983051 0.117098 0.130050
0.983051 0.175647 0.195076
0.983051 0.234196 0.260101
0.983051 0.000000 0.000000
0.983051 0.027039 0.083217
0.983051 0.054078 0.166435
0.983051 0.081117 0.249652
0.983051 0.108156 0.332870
0.983051 -0.000000 0.000000
0.983051 -0.009146 0.087021
0.983051 -0.018292 0.174041
0.983051 -0.027439 0.261062
0.983051 -0.036585 0.348083
0.983051 -0.000000 0.000000
0.983051 -0.043750 0.075777
0.983051 -0.087500 0.151554
0.983051 -0.131250 0.227332
0.983051 -0.175000 0.303109
0.983051 -0.000000 0.000000
0.983051 -0.070789 0.051431
0.983051 -0.141578 0.102862
0.983051 -0.212367 0.154294
0.983051 -0.283156 0.205725
0.983051 -0.000000 0.000000
0.983051 -0.085588 0.018192
0.983051 -0.171176 0.036385
0.983051 -0.256764 0.054577
0.983051 -0.342352 0.072769
0.983051 -0.000000 -0.000000
0.983051 -0.085588 -0.018192
0.983051 -0.171176 -0.036385
0.983051 -0.256764 -0.054577
0.983051 -0.342352 -0.072769
0.983051 -0.000000 -0.000000
0.983051 -0.070789 -0.051431
0.983051 -0.141578 -0.102862
0.983051 -0.212367 -0.154294
0.983051 -0.283156 -0.205725
0.983051 -0.000000 -0.000000
0.983051 -0.043750 -0.075777
0.983051 -0.087500 -0.151554
0.983051 -0.131250 -0.227332
0.983051 -0.175000 -0.303109
0.983051 -0.000000 -0.000000
0.983051 -0.009146 -0.087021
0.983051 -0.018292 -0.174041
0.983051 -0.027439 -0.261062
0.983051 -0.036585 -0.348083
0.983051 0.000000 -0.000000
0.983051 0.027039 -0.083217
0.983051 0.054078 -0.166435
0.983051 0.081117 -0.249652
0.983051 0.108156 -0.332870
0.983051 0.000000 -0.000000
0.983051 0.058549 -0.065025
0.983051 0.117098 -0.130050
0.983051 0.175647 -0.195076
0.983051 0.234196 -0.260101
0.983051 0.000000 -0.000000
0.983051 0.079935 -0.035589
0.983051 0.159870 -0.071179
0.983051 0.239806 -0.106768
0.983051 0.319741 -0.142358
1.016949 0.000000 0.000000
1.016949 0.087500 0.000000
1.016949 0.175000 0.000000
1.016949 0.262500 0.000000
1.016949 0.350000 0.000000
1.016949 0.000000 0.000000
1.016949 0.079935 0.035589
1.016949 0.159870 0.071179
1.016949 0.239806 0.106768
1.016949 0.319741 0.142358
1.016949 0.000000 0.000000
1.016949 0.058549 0.065025
1.016949 0.117098 0.130050
1.016949 0.175647 0.195076
1.016949 0.234196 0.260101
1.016949 0.000000 0.000000
1.016949 0.027039 0.083217
1.016949 0.054078 0.166435
1.016949 0.081117 0.249652
1.016949 0.108156 0.332870
1.016949 -0.000000 0.000000
1.016949 -0.009146 0.087021
1.016949 -0.018292 0.174041
1.016949 -0.027439 0.261062
1.016949 -0.036585 0.348083
1.016949 -0.000000 0.000000
1.016949 -0.043750 0.075777
1.016949 -0.087500 0.151554
1.016949 -0.131250 0.227332
1.016949 -0.175000 0.303109
1.016949 -0.000000 0.000000
1.016949 -0.070789 0.051431
1.016949 -0.141578 0.102862
1.016949 -0.212367 0.154294
1.016949 -0.283156 0.205725
1.016949 -0.000000 0.000000
1.016949 -0.085588 0.018192
1.016949 -0.171176 0.036385
1.016949 -0.256764 0.054577
1.016949 -0.342352 0.072769
1.016949 -0.000000 -0.000000
1.016949 -0.085588 -0.018192
1.016949 -0.171176 -0.036385
1.016949 -0.256764 -0.054577
1.016949 -0.342352 -0.072769
1.016949 -0.000000 -0.000000
1.016949 -0.070789 -0.051431
1.016949 -0.141578 -0.102862
1.016949 -0.212367 -0.154294
1.016949 -0.283156 -0.205725
1.016949 -0.000000 -0.000000
1.016949 -0.043750 -0.075777
1.016949 -0.087500 -0.151554
1.016949 -0.131250 -0.227332
1.016949 -0.175000 -0.303109
1.016949 -0.000000 -0.000000
1.016949 -0.009146 -0.087021
1.016949 -0.018292 -0.174041
1.016949 -0.027439 -0.261062
1.016949 -0.036585 -0.348083
1.016949 0.000000 -0.000000
1.016949 0.027039 -0.083217
1.016949 0.054078 -0.166435
1.016949 0.081117 -0.249652
1.016949 0.108156 -0.332870
1.016949 0.000000 -0.000000
1.016949 0.058549 -0.065025
1.016949 0.117098 -0.130050
1.016949 0.175647 -0.195076
1.016949 0.234196 -0.260101
1.016949 0.000000 -0.000000
1.016949 0.079935 -0.035589
1.016949 0.159870 -0.071179
1.016949 0.239806 -0.106768
1.016949 0.319741 -0.142358
1.050847 0.000000 0.000000
1.050847 0.087500 0.000000
1.050847 0.175000 0.000000
1.050847 0.262500 0.000000
1.050847 0.350000 0.000000
1.050847 0.000000 0.000000
1.050847 0.079935 0.035589
1.050847 0.159870 0.071179
1.050847 0.239806 0.106768
1.050847 0.319741 0.142358
1.050847 0.000000 0.000000
1.050847 0.058549 0.065025
1.050847 0.117098 0.130050
1.050847 0.175647 0.195076
1.050847 0.234196 0.260101
1.050847 0.000000 0.000000
1.050847 0.027039 0.083217
1.050847 0.054078 0.166435
1.050847 0.081117 0.249652
1.050847 0.108156 0.332870
1.050847 -0.000000 0.000000
1.050847 -0.009146 0.087021
1.050847 -0.018292 0.174041
1.050847 -0.027439 0.261062
1.050847 -0.036585 0.348083
1.050847 -0.000000 0.000000
1.050847 -0.043750 0.075777
1.050847 -0.087500 0.151554
1.050847 -0.131250 0.227332
1.050847 -0.175000 0.303109
1.050847 -0.000000 0.000000
1.050847 -0.070789 0.051431
1.050847 -0.141578 0.102862
1.050847 -0.212367 0.154294
1.050847 -0.283156 0.205725
1.050847 -0.000000 0.000000
1.050847 -0.085588 0.018192
1.050847 -0.171176 0.036385
1.050847 -0.256764 0.054577
1.050847 -0.342352 0.072769
1.050847 -0.000000 -0.000000
1.050847 -0.085588 -0.018192
1.050847 -0.171176 -0.036385
1.050847 -0.256764 -0.054577
1.050847 -0.342352 -0.072769
1.050847 -0.000000 -0.000000
1.050847 -0.070789 -0.051431
1.050847 -0.141578 -0.102862
1.050847 -0.212367 -0.154294
1.050847 -0.283156 -0.205725
1.050847 -0.000000 -0.000000
1.050847 -0.043750 -0.075777
1.050847 -0.087500 -0.151554
1.050847 -0.131250 -0.227332
1.050847 -0.175000 -0.303109
1.050847 -0.000000 -0.000000
1.050847 -0.009146 -0.087021
1.050847 -0.018292 -0.174041
1.050847 -0.027439 -0.261062
1.050847 -0.036585 -0.348083
1.050847 0.000000 -0.000000
1.050847 0.027039 -0.083217
1.050847 0.054078 -0.166435
1.050847 0.081117 -0.249652
1.050847 0.108156 -0.332870
1.050847 0.000000 -0.000000
1.050847 0.058549 -0.065025
1.050847 0.117098 -0.130050
1.050847 0.175647 -0.195076
1.050847 0.234196 -0.260101
1.050847 0.000000 -0.000000
1.050847 0.079935 -0.035589
1.050847 0.159870 -0.071179
1.050847 0.239806 -0.106768
1.050847 0.319741 -0.142358
1.084746 0.000000 0.000000
1.084746 0.087500 0.000000
1.084746 0.175000 0.000000
1.084746 0.262500 0.000000
1.084746 0.350000 0.000000
1.084746 0.000000 0.000000
1.084746 0.079935 0.035589
1.084746 0.159870 0.071179
1.084746 0.239806 0.106768
1.084746 0.319741 0.142358
1.084746 0.000000 0.000000
1.084746 0.058549 0.065025
1.084746 0.117098 0.130050
1.084746 0.175647 0.195076
1.084746 0.234196 0.260101
1.084746 0.000000 0.000000
1.084746 0.027039 0.083217
1.084746 0.054078 0.166435
1.084746 0.081117 0.249652
1.084746 0.108156 0.332870
1.084746 -0.000000 0.000000
1.084746 -0.009146 0.087021
1.084746 -0.018292 0.174041
1.084746 -0.027439 0.261062
1.084746 -0.036585 0.348083
1.084746 -0.000000 0.000000
1.084746 -0.043750 0.075777
1.084746 -0.087500 0.151554
1.084746 -0.131250 0.227332
1.084746 -0.175000 0.303109
1.084746 -0.000000 0.000000
1.084746 -0.070789 0.051431
1.084746 -0.141578 0.102862
1.084746 -0.212367 0.154294
1.084746 -0.283156 0.205725
1.084746 -0.000000 0.000000
1.084746 -0.085588 0.018192
1.084746 -0.171176 0.036385
1.084746 -0.256764 0.054577
1.084746 -0.342352 0.072769
1.084746 -0.000000 -0.000000
1.084746 -0.085588 -0.018192
1.084746 -0.171176 -0.036385
1.084746 -0.256764 -0.054577
1.084746 -0.342352 -0.072769
1.084746 -0.000000 -0.000000
1.084746 -0.070789 -0.051431
1.084746 -0.141578 -0.102862
1.084746 -0.212367 -0.154294
1.084746 -0.283156 -0.205725
1.084746 -0.000000 -0.000000
1.084746 -0.043750 -0.075777
1.084746 -0.087500 -0.151554
1.084746 -0.131250 -0.227332
1.084746 -0.175000 -0.303109
1.084746 -0.000000 -0.000000
1.084746 -0.009146 -0.087021
1.084746 -0.018292 -0.174041
1.084746 -0.027439 -0.261062
1.084746 -0.036585 -0.348083
1.084746 0.000000 -0.000000
1.084746 0.027039 -0.083217
1.084746 0.054078 -0.166435
1.084746 0.081117 -0.249652
1.084746 0.108156 -0.332870
1.084746 0.000000 -0.000000
1.084746 0.058549 -0.065025
1.084746 0.117098 -0.130050
1.084746 0.175647 -0.195076
1.084746 0.234196 -0.260101
1.084746 0.000000 -0.000000
1.084746 0.079935 -0.035589
1.084746 0.159870 -0.071179
1.084746 0.239806 -0.106768
1.084746 0.319741 -0.142358
1.118644 0.000000 0.000000
1.118644 0.087500 0.000000
1.118644 0.175000 0.000000
1.118644 0.262500 0.000000
1.118644 0.350000 0.000000
1.118644 0.000000 0.000000
1.118644 0.079935 0.035589
1.118644 0.159870 0.071179
1.118644 0.239806 0.106768
1.118644 0.319741 0.142358
1.118644 0.000000 0.000000
1.118644 0.058549 0.065025
1.118644 0.117098 0.130050
1.118644 0.175647 0.195076
1.118644 0.234196 0.260101
1.118644 0.000000 0.000000
1.118644 0.027039 0.083217
1.118644 0.054078 0.166435
1.118644 0.081117 0.249652
1.118644 0.108156 0.332870
1.118644 -0.000000 0.000000
1.118644 -0.009146 0.087021
1.118644 -0.018292 0.174041
1.118644 -0.027439 0.261062
1.118644 -0.036585 0.348083
1.118644 -0.000000 0.000000
1.118644 -0.043750 0.075777
1.118644 -0.087500 0.151554
1.118644 -0.131250 0.227332
1.118644 -0.175000 0.303109
1.118644 -0.000000 0.000000
1.118644 -0.070789 0.051431
1.118644 -0.141578 0.102862
1.118644 -0.212367 0.154294
1.118644 -0.283156 0.205725
1.118644 -0.000000 0.000000
1.118644 -0.085588 0.018192
1.118644 -0.171176 0.036385
1.118644 -0.256764 0.054577
1.118644 -0.342352 0.072769
1.118644 -0.000000 -0.000000
1.118644 -0.085588 -0.018192
1.118644 -0.171176 -0.036385
1.118644 -0.256764 -0.054577
1.118644 -0.342352 -0.072769
1.118644 -0.000000 -0.000000
1.118644 -0.070789 -0.051431
1.118644 -0.141578 -0.102862
1.118644 -0.212367 -0.154294
1.118644 -0.283156 -0.205725
1.118644 -0.000000 -0.000000
1.118644 -0.043750 -0.075777
1.118644 -0.087500 -0.151554
1.118644 -0.131250 -0.227332
1.118644 -0.175000 -0.303109
1.118644 -0.000000 -0.000000
1.118644 -0.009146 -0.087021
1.118644 -0.018292 -0.174041
1.118644 -0.027439 -0.261062
1.118644 -0.036585 -0.348083
1.118644 0.000000 -0.000000
1.118644 0.027039 -0.083217
1.118644 0.054078 -0.166435
1.118644 0.081117 -0.249652
1.118644 0.108156 -0.332870
1.118644 0.000000 -0.000000
1.118644 0.058549 -0.065025
1.118644 0.117098 -0.130050
1.118644 0.175647 -0.195076
1.118644 0.234196 -0.260101
1.118644 0.000000 -0.000000
1.118644 0.079935 -0.035589
1.118644 0.159870 -0.071179
1.118644 0.239806 -0.106768
1.118644 0.319741 -0.142358
1.152542 0.000000 0.000000
1.152542 0.087500 0.000000
1.152542 0.175000 0.000000
1.152542 0.262500 0.000000
1.152542 0.350000 0.000000
1.152542 0.000000 0.000000
1.152542 0.079935 0.035589
1.152542 0.159870 0.071179
1.152542 0.239806 0.106768
1.152542 0.319741 0.142358
1.152542 0.000000 0.000000
1.152542 0.058549 0.065025
1.152542 0.117098 0.130050
1.152542 0.175647 0.195076
1.152542 0.234196 0.260101
1.152542 0.000000 0.000000
1.152542 0.027039 0.083217
1.152542 0.054078 0.166435
1.152542 0.081117 0.249652
1.152542 0.108156 0.332870
1.152542 -0.000000 0.000000
1.152542 -0.009146 0.087021
1.152542 -0.018292 0.174041
1.152542 -0.027439 0.261062
1.152542 -0.036585 0.348083
1.152542 -0.000000 0.000000
1.152542 -0.043750 0.075777
1.152542 -0.087500 0.151554
1.152542 -0.131250 0.227332
1.152542 -0.175000 0.303109
1.152542 -0.000000 0.000000
1.152542 -0.070789 0.051431
1.152542 -0.141578 0.102862
1.152542 -0.212367 0.154294
1.152542 -0.283156 0.205725
1.152542 -0.000000 0.000000
1.152542 -0.085588 0.018192
1.152542 -0.171176 0.036385
1.152542 -0.256764 0.054577
1.152542 -0.342352 0.072769
1.152542 -0.000000 -0.000000
1.152542 -0.085588 -0.018192
1.152542 -0.171176 -0.036385
1.152542 -0.256764 -0.054577
1.152542 -0.342352 -0.072769
1.152542 -0.000000 -0.000000
1.152542 -0.070789 -0.051431
1.152542 -0.141578 -0.102862
1.152542 -0.212367 -0.154294
1.152542 -0.283156 -0.205725
1.152542 -0.000000 -0.000000
1.152542 -0.043750 -0.075777
1.152542 -0.087500 -0.151554
1.152542 -0.131250 -0.227332
1.152542 -0.175000 -0.303109
1.152542 -0.000000 -0.000000
1.152542 -0.009146 -0.087021
1.152542 -0.018292 -0.174041
1.152542 -0.027439 -0.261062
1.152542 -0.036585 -0.348083
1.152542 0.000000 -0.000000
1.152542 0.027039 -0.083217
1.152542 0.054078 -0.166435
1.152542 0.081117 -0.249652
1.152542 0.108156 -0.332870
1.152542 0.000000 -0.000000
1.152542 0.058549 -0.065025
1.152542 0.117098 -0.130050
1.152542 0.175647 -0.195076
1.152542 0.234196 -0.260101
1.152542 0.000000 -0.000000
1.152542 0.079935 -0.035589
1.152542 0.159870 -0.071179
1.152542 0.239806 -0.106768
1.152542 0.319741 -0.142358
1.186441 0.000000 0.000000
1.186441 0.087500 0.000000
1.186441 0.175000 0.000000
1.186441 0.262500 0.000000
1.186441 0.350000 0.000000
1.186441 0.000000 0.000000
1.186441 0.079935 0.035589
1.186441 0.159870 0.071179
1.186441 0.239806 0.106768
1.186441 0.319741 0.142358
1.186441 0.000000 0.000000
1.186441 0.058549 0.065025
1.186441 0.117098 0.130050
1.186441 0.175647 0.195076
1.186441 0.234196 0.260101
1.186441 0.000000 0.000000
1.186441 0.027039 0.083217
1.186441 0.054078 0.166435
1.186441 0.081117 0.249652
1.186441 0.108156 0.332870
1.186441 -0.000000 0.000000
1.186441 -0.009146 0.087021
1.186441 -0.018292 0.174041
1.186441 -0.027439 0.261062
1.186441 -0.036585 0.348083
1.186441 -0.000000 0.000000
1.186441 -0.043750 0.075777
1.186441 -0.087500 0.151554
1.186441 -0.131250 0.227332
1.186441 -0.175000 0.303109
1.186441 -0.000000 0.000000
1.186441 -0.070789 0.051431
1.186441 -0.141578 0.102862
1.186441 -0.212367 0.154294
1.186441 -0.283156 0.205725
1.186441 -0.000000 0.000000
1.186441 -0.085588 0.018192
1.186441 -0.171176 0.036385
1.186441 -0.256764 0.054577
1.186441 -0.342352 0.072769
1.186441 -0.000000 -0.000000
1.186441 -0.085588 -0.018192
1.186441 -0.171176 -0.036385
1.186441 -0.256764 -0.054577
1.186441 -0.342352 -0.072769
1.186441 -0.000000 -0.000000
1.186441 -0.070789 -0.051431
1.186441 -0.141578 -0.102862
1.186441 -0.212367 -0.154294
1.186441 -0.283156 -0.205725
1.186441 -0.000000 -0.000000
1.186441 -0.043750 -0.075777
1.186441 -0.087500 -0.151554
1.186441 -0.131250 -0.227332
1.186441 -0.175000 -0.303109
1.186441 -0.000000 -0.000000
1.186441 -0.009146 -0.087021
1.186441 -0.018292 -0.174041
1.186441 -0.027439 -0.261062
1.186441 -0.036585 -0.348083
1.186441 0.000000 -0.000000
1.186441 0.027039 -0.083217
1.186441 0.054078 -0.166435
1.186441 0.081117 -0.249652
1.186441 0.108156 -0.332870
1.186441 0.000000 -0.000000
1.186441 0.058549 -0.065025
1.186441 0.117098 -0.130050
1.186441 0.175647 -0.195076
1.186441 0.234196 -0.260101
1.186441 0.000000 -0.000000
1.186441 0.079935 -0.035589
1.186441 0.159870 -0.071179
1.186441 0.239806 -0.106768
1.186441 0.319741 -0.142358
1.220339 0.000000 0.000000
1.220339 0.087500 0.000000
1.220339 0.175000 0.000000
1.220339 0.262500 0.000000
1.220339 0.350000 0.000000
1.220339 0.000000 0.000000
1.220339 0.079935 0.035589
1.220339 0.159870 0.071179
1.220339 0.239806 0.106768
1.220339 0.319741 0.142358
1.220339 0.000000 0.000000
1.220339 0.058549 0.065025
1.220339 0.117098 0.130050
1.220339 0.175647 0.195076
1.220339 0.234196 0.260101
1.220339 0.000000 0.000000
1.220339 0.027039 0.083217
1.220339 0.054078 0.166435
1.220339 0.081117 0.249652
1.220339 0.108156 0.332870
1.220339 -0.000000 0.000000
1.220339 -0.009146 0.087021
1.220339 -0.018292 0.174041
1.220339 -0.027439 0.261062
1.220339 -0.036585 0.348083
1.220339 -0.000000 0.000000
1.220339 -0.043750 0.075777
1.220339 -0.087500 0.151554
1.220339 -0.131250 0.227332
1.220339 -0.175000 0.303109
1.220339 -0.000000 0.000000
1.220339 -0.070789 0.051431
1.220339 -0.141578 0.102862
1.220339 -0.212367 0.154294
1.220339 -0.283156 0.205725
1.220339 -0.000000 0.000000
1.220339 -0.085588 0.018192
1.220339 -0.171176 0.036385
1.220339 -0.256764 0.054577
1.220339 -0.342352 0.072769
1.220339 -0.000000 -0.000000
1.220339 -0.085588 -0.018192
1.220339 -0.171176 -0.036385
1.220339 -0.256764 -0.054577
1.220339 -0.342352 -0.072769
1.220339 -0.000000 -0.000000
1.220339 -0.070789 -0.051431
1.220339 -0.141578 -0.102862
1.220339 -0.212367 -0.154294
1.220339 -0.283156 -0.205725
1.220339 -0.000000 -0.000000
1.220339 -0.043750 -0.075777
1.220339 -0.087500 -0.151554
1.220339 -0.131250 -0.227332
1.220339 -0.175000 -0.303109
1.220339 -0.000000 -0.000000
1.220339 -0.009146 -0.087021
1.220339 -0.018292 -0.174041
1.220339 -0.027439 -0.261062
1.220339 -0.036585 -0.348083
1.220339 0.000000 -0.000000
1.220339 0.027039 -0.083217
1.220339 0.054078 -0.166435
1.220339 0.081117 -0.249652
1.220339 0.108156 -0.332870
1.220339 0.000000 -0.000000
1.220339 0.058549 -0.065025
1.220339 0.117098 -0.130050
1.220339 0.175647 -0.195076
1.220339 0.234196 -0.260101
1.220339 0.000000 -0.000000
1.220339 0.079935 -0.035589
1.220339 0.159870 -0.071179
1.220339 0.239806 -0.106768
1.220339 0.319741 -0.142358
1.254237 0.000000 0.000000
1.254237 0.087500 0.000000
1.254237 0.175000 0.000000
1.254237 0.262500 0.000000
1.254237 0.350000 0.000000
1.254237 0.000000 0.000000
1.254237 0.079935 0.035589
1.254237 0.159870 0.071179
1.254237 0.239806 0.106768
1.254237 0.319741 0.142358
1.254237 0.000000 0.000000
1.254237 0.058549 0.065025
1.254237 0.117098 0.130050
1.254237 0.175647 0.195076
1.254237 0.234196 0.260101
1.254237 0.000000 0.000000
1.254237 0.027039 0.083217
1.254237 0.054078 0.166435
1.254237 0.081117 0.249652
1.254237 0.108156 0.332870
1.254237 -0.000000 0.000000
1.254237 -0.009146 0.087021
1.254237 -0.018292 0.174041
1.254237 -0.027439 0.261062
1.254237 -0.036585 0.348083
1.254237 -0.000000 0.000000
1.254237 -0.043750 0.075777
1.254237 -0.087500 0.151554
1.254237 -0.131250 0.227332
1.254237 -0.175000 0.303109
1.254237 -0.000000 0.000000
1.254237 -0.070789 0.051431
1.254237 -0.141578 0.102862
1.254237 -0.212367 0.154294
1.254237 -0.283156 0.205725
1.254237 -0.000000 0.000000
1.254237 -0.085588 0.018192
1.254237 -0.171176 0.036385
1.254237 -0.256764 0.054577
1.254237 -0.342352 0.072769
1.254237 -0.000000 -0.000000
1.254237 -0.085588 -0.018192
1.254237 -0.171176 -0.036385
1.254237 -0.256764 -0.054577
1.254237 -0.342352 -0.072769
1.254237 -0.000000 -0.000000
1.254237 -0.070789 -0.051431
1.254237 -0.141578 -0.102862
1.254237 -0.212367 -0.154294
1.254237 -0.283156 -0.205725
1.254237 -0.000000 -0.000000
1.254237 -0.043750 -0.075777
1.254237 -0.087500 -0.151554
1.254237 -0.131250 -0.227332
1.254237 -0.175000 -0.303109
1.254237 -0.000000 -0.000000
1.254237 -0.009146 -0.087021
1.254237 -0.018292 -0.174041
1.254237 -0.027439 -0.261062
1.254237 -0.036585 -0.348083
1.254237 0.000000 -0.000000
1.254237 0.027039 -0.083217
1.254237 0.054078 -0.166435
1.254237 0.081117 -0.249652
1.254237 0.108156 -0.332870
1.254237 0.000000 -0.000000
1.254237 0.058549 -0.065025
1.254237 0.117098 -0.130050
1.254237 0.175647 -0.195076
1.254237 0.234196 -0.260101
1.254237 0.000000 -0.000000
1.254237 0.079935 -0.035589
1.254237 0.159870 -0.071179
1.254237 0.239806 -0.106768
1.254237 0.319741 -0.142358
1.288136 0.000000 0.000000
1.288136 0.087500 0.000000
1.288136 0.175000 0.000000
1.288136 0.262500 0.000000
1.288136 0.350000 0.000000
1.288136 0.000000 0.000000
1.288136 0.079935 0.035589
1.288136 0.159870 0.071179
1.288136 0.239806 0.106768
1.288136 0.319741 0.142358
1.288136 0.000000 0.000000
1.288136 0.058549 0.065025
1.288136 0.117098 0.130050
1.288136 0.175647 0.195076
1.288136 0.234196 0.260101
1.288136 0.000000 0.000000
1.288136 0.027039 0.083217
1.288136 0.054078 0.166435
1.288136 0.081117 0.249652
1.288136 0.108156 0.332870
1.288136 -0.000000 0.000000
1.288136 -0.009146 0.087021
1.288136 -0.018292 0.174041
1.288136 -0.027439 0.261062
1.288136 -0.036585 0.348083
1.288136 -0.000000 0.000000
1.288136 -0.043750 0.075777
1.288136 -0.087500 0.151554
1.288136 -0.131250 0.227332
1.288136 -0.175000 0.303109
1.288136 -0.000000 0.000000
1.288136 -0.070789 0.051431
1.288136 -0.141578 0.102862
1.288136 -0.212367 0.154294
1.288136 -0.283156 0.205725
1.288136 -0.000000 0.000000
1.288136 -0.085588 0.018192
1.288136 -0.171176 0.036385
1.288136 -0.256764 0.054577
1.288136 -0.342352 0.072769
1.288136 -0.000000 -0.000000
1.288136 -0.085588 -0.018192
1.288136 -0.171176 -0.036385
1.288136 -0.256764 -0.054577
1.288136 -0.342352 -0.072769
1.288136 -0.000000 -0.000000
1.288136 -0.070789 -0.051431
1.288136 -0.141578 -0.102862
1.288136 -0.212367 -0.154294
1.288136 -0.283156 -0.205725
1.288136 -0.000000 -0.000000
1.288136 -0.043750 -0.075777
1.288136 -0.087500 -0.151554
1.288136 -0.131250 -0.227332
1.288136 -0.175000 -0.303109
1.288136 -0.000000 -0.000000
1.288136 -0.009146 -0.087021
1.288136 -0.018292 -0.174041
1.288136 -0.027439 -0.261062
1.288136 -0.036585 -0.348083
1.288136 0.000000 -0.000000
1.288136 0.027039 -0.083217
1.288136 0.054078 -0.166435
1.288136 0.081117 -0.249652
1.288136 0.108156 -0.332870
1.288136 0.000000 -0.000000
1.288136 0.058549 -0.065025
1.288136 0.117098 -0.130050
1.288136 0.175647 -0.195076
1.288136 0.234196 -0.260101
1.288136 0.000000 -0.000000
1.288136 0.079935 -0.035589
1.288136 0.159870 -0.071179
1.288136 0.239806 -0.106768
1.288136 0.319741 -0.142358
1.322034 0.000000 0.000000
1.322034 0.087500 0.000000
1.322034 0.175000 0.000000
1.322034 0.262500 0.000000
1.322034 0.350000 0.000000
1.322034 0.000000 0.000000
1.322034 0.079935 0.035589
1.322034 0.159870 0.071179
1.322034 0.239806 0.106768
1.322034 0.319741 0.142358
1.322034 0.000000 0.000000
1.322034 0.058549 0.065025
1.322034 0.117098 0.130050
1.322034 0.175647 0.195076
1.322034 0.234196 0.260101
1.322034 0.000000 0.000000
1.322034 0.027039 0.083217
1.322034 0.054078 0.166435
1.322034 0.081117 0.249652
1.322034 0.108156 0.332870
1.322034 -0.000000 0.000000
1.322034 -0.009146 0.087021
1.322034 -0.018292 0.174041
1.322034 -0.027439 0.261062
1.322034 -0.036585 0.348083
1.322034 -0.000000 0.000000
1.322034 -0.043750 0.075777
1.322034 -0.087500 0.151554
1.322034 -0.131250 0.227332
1.322034 -0.175000 0.303109
1.322034 -0.000000 0.000000
1.322034 -0.070789 0.051431
1.322034 -0.141578 0.102862
1.322034 -0.212367 0.154294
1.322034 -0.283156 0.205725
1.322034 -0.000000 0.000000
1.322034 -0.085588 0.018192
1.322034 -0.171176 0.036385
1.322034 -0.256764 0.054577
1.322034 -0.342352 0.072769
1.322034 -0.000000 -0.000000
1.322034 -0.085588 -0.018192
1.322034 -0.171176 -0.036385
1.322034 -0.256764 -0.054577
1.322034 -0.342352 -0.072769
1.322034 -0.000000 -0.000000
1.322034 -0.070789 -0.051431
1.322034 -0.141578 -0.102862
1.322034 -0.212367 -0.154294
1.322034 -0.283156 -0.205725
1.322034 -0.000000 -0.000000
1.322034 -0.043750 -0.075777
1.322034 -0.087500 -0.151554
1.322034 -0.131250 -0.227332
1.322034 -0.175000 -0.303109
1.322034 -0.000000 -0.000000
1.322034 -0.009146 -0.087021
1.322034 -0.018292 -0.174041
1.322034 -0.027439 -0.261062
1.322034 -0.036585 -0.348083
1.322034 0.000000 -0.000000
1.322034 0.027039 -0.083217
1.322034 0.054078 -0.166435
1.322034 0.081117 -0.249652
1.322034 0.108156 -0.332870
1.322034 0.000000 -0.000000
1.322034 0.058549 -0.065025
1.322034 0.117098 -0.130050
1.322034 0.175647 -0.195076
1.322034 0.234196 -0.260101
1.322034 0.000000 -0.000000
1.322034 0.079935 -0.035589
1.322034 0.159870 -0.071179
1.322034 0.239806 -0.106768
1.322034 0.319741 -0.142358
1.355932 0.000000 0.000000
1.355932 0.087500 0.000000
1.355932 0.175000 0.000000
1.355932 0.262500 0.000000
1.355932 0.350000 0.000000
1.355932 0.000000 0.000000
1.355932 0.079935 0.035589
1.355932 0.159870 0.071179
1.355932 0.239806 0.106768
1.355932 0.319741 0.142358
1.355932 0.000000 0.000000
1.355932 0.058549 0.065025
1.355932 0.117098 0.130050
1.355932 0.175647 0.195076
1.355932 0.234196 0.260101
1.355932 0.000000 0.000000
1.355932 0.027039 0.083217
1.355932 0.054078 0.166435
1.355932 0.081117 0.249652
1.355932 0.108156 0.332870
1.355932 -0.000000 0.000000
1.355932 -0.009146 0.087021
1.355932 -0.018292 0.174041
1.355932 -0.027439 0.261062
1.355932 -0.036585 0.348083
1.355932 -0.000000 0.000000
1.355932 -0.043750 0.075777
1.355932 -0.087500 0.151554
1.355932 -0.131250 0.227332
1.355932 -0.175000 0.303109
1.355932 -0.000000 0.000000
1.355932 -0.070789 0.051431
1.355932 -0.141578 0.102862
1.355932 -0.212367 0.154294
1.355932 -0.283156 0.205725
1.355932 -0.000000 0.000000
1.355932 -0.085588 0.018192
1.355932 -0.171176 0.036385
1.355932 -0.256764 0.054577
1.355932 -0.342352 0.072769
1.355932 -0.000000 -0.000000
1.355932 -0.085588 -0.018192
1.355932 -0.171176 -0.036385
1.355932 -0.256764 -0.054577
1.355932 -0.342352 -0.072769
1.355932 -0.000000 -0.000000
1.355932 -0.070789 -0.051431
1.355932 -0.141578 -0.102862
1.355932 -0.212367 -0.154294
1.355932 -0.283156 -0.205725
1.355932 -0.000000 -0.000000
1.355932 -0.043750 -0.075777
1.355932 -0.087500 -0.151554
1.355932 -0.131250 -0.227332
1.355932 -0.175000 -0.303109
1.355932 -0.000000 -0.000000
1.355932 -0.009146 -0.087021
1.355932 -0.018292 -0.174041
1.355932 -0.027439 -0.261062
1.355932 -0.036585 -0.348083
1.355932 0.000000 -0.000000
1.355932 0.027039 -0.083217
1.355932 0.054078 -0.166435
1.355932 0.081117 -0.249652
1.355932 0.108156 -0.332870
1.355932 0.000000 -0.000000
1.355932 0.058549 -0.065025
1.355932 0.117098 -0.130050
1.355932 0.175647 -0.195076
1.355932 0.234196 -0.260101
1.355932 0.000000 -0.000000
1.355932 0.079935 -0.035589
1.355932 0.159870 -0.071179
1.355932 0.239806 -0.106768
1.355932 0.319741 -0.142358
1.389831 0.000000 0.000000
1.389831 0.087500 0.000000
1.389831 0.175000 0.000000
1.389831 0.262500 0.000000
1.389831 0.350000 0.000000
1.389831 0.000000 0.000000
1.389831 0.079935 0.035589
1.389831 0.159870 0.071179
1.389831 0.239806 0.106768
1.389831 0.319741 0.142358
1.389831 0.000000 0.000000
1.389831 0.058549 0.065025
1.389831 0.117098 0.130050
1.389831 0.175647 0.195076
1.389831 0.234196 0.260101
1.389831 0.000000 0.000000
1.389831 0.027039 0.083217
1.389831 0.054078 0.166435
1.389831 0.081117 0.249652
1.389831 0.108156 0.332870
1.389831 -0.000000 0.000000
1.389831 -0.009146 0.087021
1.389831 -0.018292 0.174041
1.389831 -0.027439 0.261062
1.389831 -0.036585 0.348083
1.389831 -0.000000 0.000000
1.389831 -0.043750 0.075777
1.389831 -0.087500 0.151554
1.389831 -0.131250 0.227332
1.389831 -0.175000 0.303109
1.389831 -0.000000 0.000000
1.389831 -0.070789 0.051431
1.389831 -0.141578 0.102862
1.389831 -0.212367 0.154294
1.389831 -0.283156 0.205725
1.389831 -0.000000 0.000000
1.389831 -0.085588 0.018192
1.389831 -0.171176 0.036385
1.389831 -0.256764 0.054577
1.389831 -0.342352 0.072769
1.389831 -0.000000 -0.000000
1.389831 -0.085588 -0.018192
1.389831 -0.171176 -0.036385
1.389831 -0.256764 -0.054577
1.389831 -0.342352 -0.072769
1.389831 -0.000000 -0.000000
1.389831 -0.070789 -0.051431
1.389831 -0.141578 -0.102862
1.389831 -0.212367 -0.154294
1.389831 -0.283156 -0.205725
1.389831 -0.000000 -0.000000
1.389831 -0.043750 -0.075777
1.389831 -0.087500 -0.151554
1.389831 -0.131250 -0.227332
1.389831 -0.175000 -0.303109
1.389831 -0.000000 -0.000000
1.389831 -0.009146 -0.087021
1.389831 -0.018292 -0.174041
1.389831 -0.027439 -0.261062
1.389831 -0.036585 -0.348083
1.389831 0.000000 -0.000000
1.389831 0.027039 -0.083217
1.389831 0.054078 -0.166435
1.389831 0.081117 -0.249652
1.389831 0.108156 -0.332870
1.389831 0.000000 -0.000000
1.389831 0.058549 -0.065025
1.389831 0.117098 -0.130050
1.389831 0.175647 -0.195076
1.389831 0.234196 -0.260101
1.389831 0.000000 -0.000000
1.389831 0.079935 -0.035589
1.389831 0.159870 -0.071179
1.389831 0.239806 -0.106768
1.389831 0.319741 -0.142358
1.423729 0.000000 0.000000
1.423729 0.087500 0.000000
1.423729 0.175000 0.000000
1.423729 0.262500 0.000000
1.423729 0.350000 0.000000
1.423729 0.000000 0.000000
1.423729 0.079935 0.035589
1.423729 0.159870 0.071179
1.423729 0.239806 0.106768
1.423729 0.319741 0.142358
1.423729 0.000000 0.000000
1.423729 0.058549 0.065025
1.423729 0.117098 0.130050
1.423729 0.175647 0.195076
1.423729 0.234196 0.260101
1.423729 0.000000 0.000000
1.423729 0.027039 0.083217
1.423729 0.054078 0.166435
1.423729 0.081117 0.249652
1.423729 0.108156 0.332870
1.423729 -0.000000 0.000000
1.423729 -0.009146 0.087021
1.423729 -0.018292 0.174041
1.423729 -0.027439 0.261062
1.423729 -0.036585 0.348083
1.423729 -0.000000 0.000000
1.423729 -0.043750 0.075777
1.423729 -0.087500 0.151554
1.423729 -0.131250 0.227332
1.423729 -0.175000 0.303109
1.423729 -0.000000 0.000000
1.423729 -0.070789 0.051431
1.423729 -0.141578 0.102862
1.423729 -0.212367 0.154294
1.423729 -0.283156 0.205725
1.423729 -0.000000 0.000000
1.423729 -0.085588 0.018192
1.423729 -0.171176 0.036385
1.423729 -0.256764 0.054577
1.423729 -0.342352 0.072769
1.423729 -0.000000 -0.000000
1.423729 -0.085588 -0.018192
1.423729 -0.171176 -0.036385
1.423729 -0.256764 -0.054577
1.423729 -0.342352 -0.072769
1.423729 -0.000000 -0.000000
1.423729 -0.070789 -0.051431
1.423729 -0.141578 -0.102862
1.423729 -0.212367 -0.154294
1.423729 -0.283156 -0.205725
1.423729 -0.000000 -0.000000
1.423729 -0.043750 -0.075777
1.423729 -0.087500 -0.151554
1.423729 -0.131250 -0.227332
1.423729 -0.175000 -0.303109
1.423729 -0.000000 -0.000000
1.423729 -0.009146 -0.087021
1.423729 -0.018292 -0.174041
1.423729 -0.027439 -0.261062
1.423729 -0.036585 -0.348083
1.423729 0.000000 -0.000000
1.423729 0.027039 -0.083217
1.423729 0.054078 -0.166435
1.423729 0.081117 -0.249652
1.423729 0.108156 -0.332870
1.423729 0.000000 -0.000000
1.423729 0.058549 -0.065025
1.423729 0.117098 -0.130050
1.423729 0.175647 -0.195076
1.423729 0.234196 -0.260101
1.423729 0.000000 -0.000000
1.423729 0.079935 -0.035589
1.423729 0.159870 -0.071179
1.423729 0.239806 -0.106768
1.423729 0.319741 -0.142358
1.457627 0.000000 0.000000
1.457627 0.087500 0.000000
1.457627 0.175000 0.000000
1.457627 0.262500 0.000000
1.457627 0.350000 0.000000
1.457627 0.000000 0.000000
1.457627 0.079935 0.035589
1.457627 0.159870 0.071179
1.457627 0.239806 0.106768
1.457627 0.319741 0.142358
1.457627 0.000000 0.000000
1.457627 0.058549 0.065025
1.457627 0.117098 0.130050
1.457627 0.175647 0.195076
1.457627 0.234196 0.260101
1.457627 0.000000 0.000000
1.457627 0.027039 0.083217
1.457627 0.054078 0.166435
1.457627 0.081117 0.249652
1.457627 0.108156 0.332870
1.457627 -0.000000 0.000000
1.457627 -0.009146 0.087021
1.457627 -0.018292 0.174041
1.457627 -0.027439 0.261062
1.457627 -0.036585 0.348083
1.457627 -0.000000 0.000000
1.457627 -0.043750 0.075777
1.457627 -0.087500 0.151554
1.457627 -0.131250 0.227332
1.457627 -0.175000 0.303109
1.457627 -0.000000 0.000000
1.457627 -0.070789 0.051431
1.457627 -0.141578 0.102862
1.457627 -0.212367 0.154294
1.457627 -0.283156 0.205725
1.457627 -0.000000 0.000000
1.457627 -0.085588 0.018192
1.457627 -0.171176 0.036385
1.457627 -0.256764 0.054577
1.457627 -0.342352 0.072769
1.457627 -0.000000 -0.000000
1.457627 -0.085588 -0.018192
1.457627 -0.171176 -0.036385
1.457627 -0.256764 -0.054577
1.457627 -0.342352 -0.072769
1.457627 -0.000000 -0.000000
1.457627 -0.070789 -0.051431
1.457627 -0.141578 -0.102862
1.457627 -0.212367 -0.154294
1.457627 -0.283156 -0.205725
1.457627 -0.000000 -0.000000
1.457627 -0.043750 -0.075777
1.457627 -0.087500 -0.151554
1.457627 -0.131250 -0.227332
1.457627 -0.175000 -0.303109
1.457627 -0.000000 -0.000000
1.457627 -0.009146 -0.087021
1.457627 -0.018292 -0.174041
1.457627 -0.027439 -0.261062
1.457627 -0.036585 -0.348083
1.457627 0.000000 -0.000000
1.457627 0.027039 -0.083217
1.457627 0.054078 -0.166435
1.457627 0.081117 -0.249652
1.457627 0.108156 -0.332870
1.457627 0.000000 -0.000000
1.457627 0.058549 -0.065025
1.457627 0.117098 -0.130050
1.457627 0.175647 -0.195076
1.457627 0.234196 -0.260101
1.457627 0.000000 -0.000000
1.457627 0.079935 -0.035589
1.457627 0.159870 -0.071179
1.457627 0.239806 -0.106768
1.457627 0.319741 -0.142358
1.491525 0.000000 0.000000
1.491525 0.087500 0.000000
1.491525 0.175000 0.000000
1.491525 0.262500 0.000000
1.491525 0.350000 0.000000
1.491525 0.000000 0.000000
1.491525 0.079935 0.035589
1.491525 0.159870 0.071179
1.491525 0.239806 0.106768
1.491525 0.319741 0.142358
1.491525 0.000000 0.000000
1.491525 0.058549 0.065025
1.491525 0.117098 0.130050
1.491525 0.175647 0.195076
1.491525 0.234196 0.260101
1.491525 0.000000 0.000000
1.491525 0.027039 0.083217
1.491525 0.054078 0.166435
1.491525 0.081117 0.249652
1.491525 0.108156 0.332870
1.491525 -0.000000 0.000000
1.491525 -0.009146 0.087021
1.491525 -0.018292 0.174041
1.491525 -0.027439 0.261062
1.491525 -0.036585 0.348083
1.491525 -0.000000 0.000000
1.491525 -0.043750 0.075777
1.491525 -0.087500 0.151554
1.491525 -0.131250 0.227332
1.491525 -0.175000 0.303109
1.491525 -0.000000 0.000000
1.491525 -0.070789 0.051431
1.491525 -0.141578 0.102862
1.491525 -0.212367 0.154294
1.491525 -0.283156 0.205725
1.491525 -0.000000 0.000000
1.491525 -0.085588 0.018192
1.491525 -0.171176 0.036385
1.491525 -0.256764 0.054577
1.491525 -0.342352 0.072769
1.491525 -0.000000 -0.000000
1.491525 -0.085588 -0.018192
1.491525 -0.171176 -0.036385
1.491525 -0.256764 -0.054577
1.491525 -0.342352 -0.072769
1.491525 -0.000000 -0.000000
1.491525 -0.070789 -0.051431
1.491525 -0.141578 -0.102862
1.491525 -0.212367 -0.154294
1.491525 -0.283156 -0.205725
1.491525 -0.000000 -0.000000
1.491525 -0.043750 -0.075777
1.491525 -0.087500 -0.151554
1.491525 -0.131250 -0.227332
1.491525 -0.175000 -0.303109
1.491525 -0.000000 -0.000000
1.491525 -0.009146 -0.087021
1.491525 -0.018292 -0.174041
1.491525 -0.027439 -0.261062
1.491525 -0.036585 -0.348083
1.491525 0.000000 -0.000000
1.491525 0.027039 -0.083217
1.491525 0.054078 -0.166435
1.491525 0.081117 -0.249652
1.491525 0.108156 -0.332870
1.491525 0.000000 -0.000000
1.491525 0.058549 -0.065025
1.491525 0.117098 -0.130050
1.491525 0.175647 -0.195076
1.491525 0.234196 -0.260101
1.491525 0.000000 -0.000000
1.491525 0.079935 -0.035589
1.491525 0.159870 -0.071179
1.491525 0.239806 -0.106768
1.491525 0.319741 -0.142358
1.525424 0.000000 0.000000
1.525424 0.087500 0.000000
1.525424 0.175000 0.000000
1.525424 0.262500 0.000000
1.525424 0.350000 0.000000
1.525424 0.000000 0.000000
1.525424 0.079935 0.035589
1.525424 0.159870 0.071179
1.525424 0.239806 0.106768
1.525424 0.319741 0.142358
1.525424 0.000000 0.000000
1.525424 0.058549 0.065025
1.525424 0.117098 0.130050
1.525424 0.175647 0.195076
1.525424 0.234196 0.260101
1.525424 0.000000 0.000000
1.525424 0.027039 0.083217
1.525424 0.054078 0.166435
1.525424 0.081117 0.249652
1.525424 0.108156 0.332870
1.525424 -0.000000 0.000000
1.525424 -0.009146 0.087021
1.525424 -0.018292 0.174041
1.525424 -0.027439 0.261062
1.525424 -0.036585 0.348083
1.525424 -0.000000 0.000000
1.525424 -0.043750 0.075777
1.525424 -0.087500 0.151554
1.525424 -0.131250 0.227332
1.525424 -0.175000 0.303109
1.525424 -0.000000 0.000000
1.525424 -0.070789 0.051431
1.525424 -0.141578 0.102862
1.525424 -0.212367 0.154294
1.525424 -0.283156 0.205725
1.525424 -0.000000 0.000000
1.525424 -0.085588 0.018192
1.525424 -0.171176 0.036385
1.525424 -0.256764 0.054577
1.525424 -0.342352 0.072769
1.525424 -0.000000 -0.000000
1.525424 -0.085588 -0.018192
1.525424 -0.171176 -0.036385
1.525424 -0.256764 -0.054577
1.525424 -0.342352 -0.072769
1.525424 -0.000000 -0.000000
1.525424 -0.070789 -0.051431
1.525424 -0.141578 -0.102862
1.525424 -0.212367 -0.154294
1.525424 -0.283156 -0.205725
1.525424 -0.000000 -0.000000
1.525424 -0.043750 -0.075777
1.525424 -0.087500 -0.151554
1.525424 -0.131250 -0.227332
1.525424 -0.175000 -0.303109
1.525424 -0.000000 -0.000000
1.525424 -0.009146 -0.087021
1.525424 -0.018292 -0.174041
1.525424 -0.027439 -0.261062
1.525424 -0.036585 -0.348083
1.525424 0.000000 -0.000000
1.525424 0.027039 -0.083217
1.525424 0.054078 -0.166435
1.525424 0.081117 -0.249652
1.525424 0.108156 -0.332870
1.525424 0.000000 -0.000000
1.525424 0.058549 -0.065025
1.525424 0.117098 -0.130050
1.525424 0.175647 -0.195076
1.525424 0.234196 -0.260101
1.525424 0.000000 -0.000000
1.525424 0.079935 -0.035589
1.525424 0.159870 -0.071179
1.525424 0.239806 -0.106768
1.525424 0.319741 -0.142358
1.559322 0.000000 0.000000
1.559322 0.087500 0.000000
1.559322 0.175000 0.000000
1.559322 0.262500 0.000000
1.559322 0.350000 0.000000
1.559322 0.000000 0.000000
1.559322 0.079935 0.035589
1.559322 0.159870 0.071179
1.559322 0.239806 0.106768
1.559322 0.319741 0.142358
1.559322 0.000000 0.000000
1.559322 0.058549 0.065025
1.559322 0.117098 0.130050
1.559322 0.175647 0.195076
1.559322 0.234196 0.260101
1.559322 0.000000 0.000000
1.559322 0.027039 0.083217
1.559322 0.054078 0.166435
1.559322 0.081117 0.249652
1.559322 0.108156 0.332870
1.559322 -0.000000 0.000000
1.559322 -0.009146 0.087021
1.559322 -0.018292 0.174041
1.559322 -0.027439 0.261062
1.559322 -0.036585 0.348083
1.559322 -0.000000 0.000000
1.559322 -0.043750 0.075777
1.559322 -0.087500 0.151554
1.559322 -0.131250 0.227332
1.559322 -0.175000 0.303109
1.559322 -0.000000 0.000000
1.559322 -0.070789 0.051431
1.559322 -0.141578 0.102862
1.559322 -0.212367 0.154294
1.559322 -0.283156 0.205725
1.559322 -0.000000 0.000000
1.559322 -0.085588 0.018192
1.559322 -0.171176 0.036385
1.559322 -0.256764 0.054577
1.559322 -0.342352 0.072769
1.559322 -0.000000 -0.000000
1.559322 -0.085588 -0.018192
1.559322 -0.171176 -0.036385
1.559322 -0.256764 -0.054577
1.559322 -0.342352 -0.072769
1.559322 -0.000000 -0.000000
1.559322 -0.070789 -0.051431
1.559322 -0.141578 -0.102862
1.559322 -0.212367 -0.154294
1.559322 -0.283156 -0.205725
1.559322 -0.000000 -0.000000
1.559322 -0.043750 -0.075777
1.559322 -0.087500 -0.151554
1.559322 -0.131250 -0.227332
1.559322 -0.175000 -0.303109
1.559322 -0.000000 -0.000000
1.559322 -0.009146 -0.087021
1.559322 -0.018292 -0.174041
1.559322 -0.027439 -0.261062
1.559322 -0.036585 -0.348083
1.559322 0.000000 -0.000000
1.559322 0.027039 -0.083217
1.559322 0.054078 -0.166435
1.559322 0.081117 -0.249652
1.559322 0.108156 -0.332870
1.559322 0.000000 -0.000000
1.559322 0.058549 -0.065025
1.559322 0.117098 -0.130050
1.559322 0.175647 -0.195076
1.559322 0.234196 -0.260101
1.559322 0.000000 -0.000000
1.559322 0.079935 -0.035589
1.559322 0.159870 -0.071179
1.559322 0.239806 -0.106768
1.559322 0.319741 -0.142358
1.593220 0.000000 0.000000
1.593220 0.087500 0.000000
1.593220 0.175000 0.000000
1.593220 0.262500 0.000000
1.593220 0.350000 0.000000
1.593220 0.000000 0.000000
1.593220 0.079935 0.035589
1.593220 0.159870 0.071179
1.593220 0.239806 0.106768
1.593220 0.319741 0.142358
1.593220 0.000000 0.000000
1.593220 0.058549 0.065025
1.593220 0.117098 0.130050
1.593220 0.175647 0.195076
1.593220 0.234196 0.260101
1.593220 0.000000 0.000000
1.593220 0.027039 0.083217
1.593220 0.054078 0.166435
1.593220 0.081117 0.249652
1.593220 0.108156 0.332870
1.593220 -0.000000 0.000000
1.593220 -0.009146 0.087021
1.593220 -0.018292 0.174041
1.593220 -0.027439 0.261062
1.593220 -0.036585 0.348083
1.593220 -0.000000 0.000000
1.593220 -0.043750 0.075777
1.593220 -0.087500 0.151554
1.593220 -0.131250 0.227332
1.593220 -0.175000 0.303109
1.593220 -0.000000 0.000000
1.593220 -0.070789 0.051431
1.593220 -0.141578 0.102862
1.593220 -0.212367 0.154294
1.593220 -0.283156 0.205725
1.593220 -0.000000 0.000000
1.593220 -0.085588 0.018192
1.593220 -0.171176 0.036385
1.593220 -0.256764 0.054577
1.593220 -0.342352 0.072769
1.593220 -0.000000 -0.000000
1.593220 -0.085588 -0.018192
1.593220 -0.171176 -0.036385
1.593220 -0.256764 -0.054577
1.593220 -0.342352 -0.072769
1.593220 -0.000000 -0.000000
1.593220 -0.070789 -0.051431
1.593220 -0.141578 -0.102862
1.593220 -0.212367 -0.154294
1.593220 -0.283156 -0.205725
1.593220 -0.000000 -0.000000
1.593220 -0.043750 -0.075777
1.593220 -0.087500 -0.151554
1.593220 -0.131250 -0.227332
1.593220 -0.175000 -0.303109
1.593220 -0.000000 -0.000000
1.593220 -0.009146 -0.087021
1.593220 -0.018292 -0.174041
1.593220 -0.027439 -0.261062
1.593220 -0.036585 -0.348083
1.593220 0.000000 -0.000000
1.593220 0.027039 -0.083217
1.593220 0.054078 -0.166435
1.593220 0.081117 -0.249652
1.593220 0.108156 -0.332870
1.593220 0.000000 -0.000000
1.593220 0.058549 -0.065025
1.593220 0.117098 -0.130050
1.593220 0.175647 -0.195076
1.593220 0.234196 -0.260101
1.593220 0.000000 -0.000000
1.593220 0.079935 -0.035589
1.593220 0.159870 -0.071179
1.593220 0.239806 -0.106768
1.593220 0.319741 -0.142358
1.627119 0.000000 0.000000
1.627119 0.087500 0.000000
1.627119 0.175000 0.000000
1.627119 0.262500 0.000000
1.627119 0.350000 0.000000
1.627119 0.000000 0.000000
1.627119 0.079935 0.035589
1.627119 0.159870 0.071179
1.627119 0.239806 0.106768
1.627119 0.319741 0.142358
1.627119 0.000000 0.000000
1.627119 0.058549 0.065025
1.627119 0.117098 0.130050
1.627119 0.175647 0.195076
1.627119 0.234196 0.260101
1.627119 0.000000 0.000000
1.627119 0.027039 0.083217
1.627119 0.054078 0.166435
1.627119 0.081117 0.249652
1.627119 0.108156 0.332870
1.627119 -0.000000 0.000000
1.627119 -0.009146 0.087021
1.627119 -0.018292 0.174041
1.627119 -0.027439 0.261062
1.627119 -0.036585 0.348083
1.627119 -0.000000 0.000000
1.627119 -0.043750 0.075777
1.627119 -0.087500 0.151554
1.627119 -0.131250 0.227332
1.627119 -0.175000 0.303109
1.627119 -0.000000 0.000000
1.627119 -0.070789 0.051431
1.627119 -0.141578 0.102862
1.627119 -0.212367 0.154294
1.627119 -0.283156 0.205725
1.627119 -0.000000 0.000000
1.627119 -0.085588 0.018192
1.627119 -0.171176 0.036385
1.627119 -0.256764 0.054577
1.627119 -0.342352 0.072769
1.627119 -0.000000 -0.000000
1.627119 -0.085588 -0.018192
1.627119 -0.171176 -0.036385
1.627119 -0.256764 -0.054577
1.627119 -0.342352 -0.072769
1.627119 -0.000000 -0.000000
1.627119 -0.070789 -0.051431
1.627119 -0.141578 -0.102862
1.627119 -0.212367 -0.154294
1.627119 -0.283156 -0.205725
1.627119 -0.000000 -0.000000
1.627119 -0.043750 -0.075777
1.627119 -0.087500 -0.151554
1.627119 -0.131250 -0.227332
1.627119 -0.175000 -0.303109
1.627119 -0.000000 -0.000000
1.627119 -0.009146 -0.087021
1.627119 -0.018292 -0.174041
1.627119 -0.027439 -0.261062
1.627119 -0.036585 -0.348083
1.627119 0.000000 -0.000000
1.627119 0.027039 -0.083217
1.627119 0.054078 -0.166435
1.627119 0.081117 -0.249652
1.627119 0.108156 -0.332870
1.627119 0.000000 -0.000000
1.627119 0.058549 -0.065025
1.627119 0.117098 -0.130050
1.627119 0.175647 -0.195076
1.627119 0.234196 -0.260101
1.627119 0.000000 -0.000000
1.627119 0.079935 -0.035589
1.627119 0.159870 -0.071179
1.627119 0.239806 -0.106768
1.627119 0.319741 -0.142358
1.661017 0.000000 0.000000
1.661017 0.087500 0.000000
1.661017 0.175000 0.000000
1.661017 0.262500 0.000000
1.661017 0.350000 0.000000
1.661017 0.000000 0.000000
1.661017 0.079935 0.035589
1.661017 0.159870 0.071179
1.661017 0.239806 0.106768
1.661017 0.319741 0.142358
1.661017 0.000000 0.000000
1.661017 0.058549 0.065025
1.661017 0.117098 0.130050
1.661017 0.175647 0.195076
1.661017 0.234196 0.260101
1.661017 0.000000 0.000000
1.661017 0.027039 0.083217
1.661017 0.054078 0.166435
1.661017 0.081117 0.249652
1.661017 0.108156 0.332870
1.661017 -0.000000 0.000000
1.661017 -0.009146 0.087021
1.661017 -0.018292 0.174041
1.661017 -0.027439 0.261062
1.661017 -0.036585 0.348083
1.661017 -0.000000 0.000000
1.661017 -0.043750 0.075777
1.661017 -0.087500 0.151554
1.661017 -0.131250 0.227332
1.661017 -0.175000 0.303109
1.661017 -0.000000 0.000000
1.661017 -0.070789 0.051431
1.661017 -0.141578 0.102862
1.661017 -0.212367 0.154294
1.661017 -0.283156 0.205725
1.661017 -0.000000 0.000000
1.661017 -0.085588 0.018192
1.661017 -0.171176 0.036385
1.661017 -0.256764 0.054577
1.661017 -0.342352 0.072769
1.661017 -0.000000 -0.000000
1.661017 -0.085588 -0.018192
1.661017 -0.171176 -0.036385
1.661017 -0.256764 -0.054577
1.661017 -0.342352 -0.072769
1.661017 -0.000000 -0.000000
1.661017 -0.070789 -0.051431
1.661017 -0.141578 -0.102862
1.661017 -0.212367 -0.154294
1.661017 -0.283156 -0.205725
1.661017 -0.000000 -0.000000
1.661017 -0.043750 -0.075777
1.661017 -0.087500 -0.151554
1.661017 -0.131250 -0.227332
1.661017 -0.175000 -0.303109
1.661017 -0.000000 -0.000000
1.661017 -0.009146 -0.087021
1.661017 -0.018292 -0.174041
1.661017 -0.027439 -0.261062
1.661017 -0.036585 -0.348083
1.661017 0.000000 -0.000000
1.661017 0.027039 -0.083217
1.661017 0.054078 -0.166435
1.661017 0.081117 -0.249652
1.661017 0.108156 -0.332870
1.661017 0.000000 -0.000000
1.661017 0.058549 -0.065025
1.661017 0.117098 -0.130050
1.661017 0.175647 -0.195076
1.661017 0.234196 -0.260101
1.661017 0.000000 -0.000000
1.661017 0.079935 -0.035589
1.661017 0.159870 -0.071179
1.661017 0.239806 -0.106768
1.661017 0.319741 -0.142358
1.694915 0.000000 0.000000
1.694915 0.087500 0.000000
1.694915 0.175000 0.000000
1.694915 0.262500 0.000000
1.694915 0.350000 0.000000
1.694915 0.000000 0.000000
1.694915 0.079935 0.035589
1.694915 0.159870 0.071179
1.694915 0.239806 0.106768
1.694915 0.319741 0.142358
1.694915 0.000000 0.000000
1.694915 0.058549 0.065025
1.694915 0.117098 0.130050
1.694915 0.175647 0.195076
1.694915 0.234196 0.260101
1.694915 0.000000 0.000000
1.694915 0.027039 0.083217
1.694915 0.054078 0.166435
1.694915 0.081117 0.249652
1.694915 0.108156 0.332870
1.694915 -0.000000 0.000000
1.694915 -0.009146 0.087021
1.694915 -0.018292 0.174041
1.694915 -0.027439 0.261062
1.694915 -0.036585 0.348083
1.694915 -0.000000 0.000000
1.694915 -0.043750 0.075777
1.694915 -0.087500 0.151554
1.694915 -0.131250 0.227332
1.694915 -0.175000 0.303109
1.694915 -0.000000 0.000000
1.694915 -0.070789 0.051431
1.694915 -0.141578 0.102862
1.694915 -0.212367 0.154294
1.694915 -0.283156 0.205725
1.694915 -0.000000 0.000000
1.694915 -0.085588 0.018192
1.694915 -0.171176 0.036385
1.694915 -0.256764 0.054577
1.694915 -0.342352 0.072769
1.694915 -0.000000 -0.000000
1.694915 -0.085588 -0.018192
1.694915 -0.171176 -0.036385
1.694915 -0.256764 -0.054577
1.694915 -0.342352 -0.072769
1.694915 -0.000000 -0.000000
1.694915 -0.070789 -0.051431
1.694915 -0.141578 -0.102862
1.694915 -0.212367 -0.154294
1.694915 -0.283156 -0.205725
1.694915 -0.000000 -0.000000
1.694915 -0.043750 -0.075777
1.694915 -0.087500 -0.151554
1.694915 -0.131250 -0.227332
1.694915 -0.175000 -0.303109
1.694915 -0.000000 -0.000000
1.694915 -0.009146 -0.087021
1.694915 -0.018292 -0.174041
1.694915 -0.027439 -0.261062
1.694915 -0.036585 -0.348083
1.694915 0.000000 -0.000000
1.694915 0.027039 -0.083217
1.694915 0.054078 -0.166435
1.694915 0.081117 -0.249652
1.694915 0.108156 -0.332870
1.694915 0.000000 -0.000000
1.694915 0.058549 -0.065025
1.694915 0.117098 -0.130050
1.694915 0.175647 -0.195076
1.694915 0.234196 -0.260101
1.694915 0.000000 -0.000000
1.694915 0.079935 -0.035589
1.694915 0.159870 -0.071179
1.694915 0.239806 -0.106768
1.694915 0.319741 -0.142358
1.728814 0.000000 0.000000
1.728814 0.087500 0.000000
1.728814 0.175000 0.000000
1.728814 0.262500 0.000000
1.728814 0.350000 0.000000
1.728814 0.000000 0.000000
1.728814 0.079935 0.035589
1.728814 0.159870 0.071179
1.728814 0.239806 0.106768
1.728814 0.319741 0.142358
1.728814 0.000000 0.000000
1.728814 0.058549 0.065025
1.728814 0.117098 0.130050
1.728814 0.175647 0.195076
1.728814 0.234196 0.260101
1.728814 0.000000 0.000000
1.728814 0.027039 0.083217
1.728814 0.054078 0.166435
1.728814 0.081117 0.249652
1.728814 0.108156 0.332870
1.728814 -0.000000 0.000000
1.728814 -0.009146 0.087021
1.728814 -0.018292 0.174041
1.728814 -0.027439 0.261062
1.728814 -0.036585 0.348083
1.728814 -0.000000 0.000000
1.728814 -0.043750 0.075777
1.728814 -0.087500 0.151554
1.728814 -0.131250 0.227332
1.728814 -0.175000 0.303109
1.728814 -0.000000 0.000000
1.728814 -0.070789 0.051431
1.728814 -0.141578 0.102862
1.728814 -0.212367 0.154294
1.728814 -0.283156 0.205725
1.728814 -0.000000 0.000000
1.728814 -0.085588 0.018192
1.728814 -0.171176 0.036385
1.728814 -0.256764 0.054577
1.728814 -0.342352 0.072769
1.728814 -0.000000 -0.000000
1.728814 -0.085588 -0.018192
1.728814 -0.171176 -0.036385
1.728814 -0.256764 -0.054577
1.728814 -0.342352 -0.072769
1.728814 -0.000000 -0.000000
1.728814 -0.070789 -0.051431
1.728814 -0.141578 -0.102862
1.728814 -0.212367 -0.154294
1.728814 -0.283156 -0.205725
1.728814 -0.000000 -0.000000
1.728814 -0.043750 -0.075777
1.728814 -0.087500 -0.151554
1.728814 -0.131250 -0.227332
1.728814 -0.175000 -0.303109
1.728814 -0.000000 -0.000000
1.728814 -0.009146 -0.087021
1.728814 -0.018292 -0.174041
1.728814 -0.027439 -0.261062
1.728814 -0.036585 -0.348083
1.728814 0.000000 -0.000000
1.728814 0.027039 -0.083217
1.728814 0.054078 -0.166435
1.728814 0.081117 -0.249652
1.728814 0.108156 -0.332870
1.728814 0.000000 -0.000000
1.728814 0.058549 -0.065025
1.728814 0.117098 -0.130050
1.728814 0.175647 -0.195076
1.728814 0.234196 -0.260101
1.728814 0.000000 -0.000000
1.728814 0.079935 -0.035589
1.728814 0.159870 -0.071179
1.728814 0.239806 -0.106768
1.728814 0.319741 -0.142358
1.762712 0.000000 0.000000
1.762712 0.087500 0.000000
1.762712 0.175000 0.000000
1.762712 0.262500 0.000000
1.762712 0.350000 0.000000
1.762712 0.000000 0.000000
1.762712 0.079935 0.035589
1.762712 0.159870 0.071179
1.762712 0.239806 0.106768
1.762712 0.319741 0.142358
1.762712 0.000000 0.000000
1.762712 0.058549 0.065025
1.762712 0.117098 0.130050
1.762712 0.175647 0.195076
1.762712 0.234196 0.260101
1.762712 0.000000 0.000000
1.762712 0.027039 0.083217
1.762712 0.054078 0.166435
1.762712 0.081117 0.249652
1.762712 0.108156 0.332870
1.762712 -0.000000 0.000000
1.762712 -0.009146 0.087021
1.762712 -0.018292 0.174041
1.762712 -0.027439 0.261062
1.762712 -0.036585 0.348083
1.762712 -0.000000 0.000000
1.762712 -0.043750 0.075777
1.762712 -0.087500 0.151554
1.762712 -0.131250 0.227332
1.762712 -0.175000 0.303109
1.762712 -0.000000 0.000000
1.762712 -0.070789 0.051431
1.762712 -0.141578 0.102862
1.762712 -0.212367 0.154294
1.762712 -0.283156 0.205725
1.762712 -0.000000 0.000000
1.762712 -0.085588 0.018192
1.762712 -0.171176 0.036385
1.762712 -0.256764 0.054577
1.762712 -0.342352 0.072769
1.762712 -0.000000 -0.000000
1.762712 -0.085588 -0.018192
1.762712 -0.171176 -0.036385
1.762712 -0.256764 -0.054577
1.762712 -0.342352 -0.072769
1.762712 -0.000000 -0.000000
1.762712 -0.070789 -0.051431
1.762712 -0.141578 -0.102862
1.762712 -0.212367 -0.154294
1.762712 -0.283156 -0.205725
1.762712 -0.000000 -0.000000
1.762712 -0.043750 -0.075777
1.762712 -0.087500 -0.151554
1.762712 -0.131250 -0.227332
1.762712 -0.175000 -0.303109
1.762712 -0.000000 -0.000000
1.762712 -0.009146 -0.087021
1.762712 -0.018292 -0.174041
1.762712 -0.027439 -0.261062
1.762712 -0.036585 -0.348083
1.762712 0.000000 -0.000000
1.762712 0.027039 -0.083217
1.762712 0.054078 -0.166435
1.762712 0.081117 -0.249652
1.762712 0.108156 -0.332870
1.762712 0.000000 -0.000000
1.762712 0.058549 -0.065025
1.762712 0.117098 -0.130050
1.762712 0.175647 -0.195076
1.762712 0.234196 -0.260101
1.762712 0.000000 -0.000000
1.762712 0.079935 -0.035589
1.762712 0.159870 -0.071179
1.762712 0.239806 -0.106768
1.762712 0.319741 -0.142358
1.796610 0.000000 0.000000
1.796610 0.087500 0.000000
1.796610 0.175000 0.000000
1.796610 0.262500 0.000000
1.796610 0.350000 0.000000
1.796610 0.000000 0.000000
1.796610 0.079935 0.035589
1.796610 0.159870 0.071179
1.796610 0.239806 0.106768
1.796610 0.319741 0.142358
1.796610 0.000000 0.000000
1.796610 0.058549 0.065025
1.796610 0.117098 0.130050
1.796610 0.175647 0.195076
1.796610 0.234196 0.260101
1.796610 0.000000 0.000000
1.796610 0.027039 0.083217
1.796610 0.054078 0.166435
1.796610 0.081117 0.249652
1.796610 0.108156 0.332870
1.796610 -0.000000 0.000000
1.796610 -0.009146 0.087021
1.796610 -0.018292 0.174041
1.796610 -0.027439 0.261062
1.796610 -0.036585 0.348083
1.796610 -0.000000 0.000000
1.796610 -0.043750 0.075777
1.796610 -0.087500 0.151554
1.796610 -0.131250 0.227332
1.796610 -0.175000 0.303109
1.796610 -0.000000 0.000000
1.796610 -0.070789 0.051431
1.796610 -0.141578 0.102862
1.796610 -0.212367 0.154294
1.796610 -0.283156 0.205725
1.796610 -0.000000 0.000000
1.796610 -0.085588 0.018192
1.796610 -0.171176 0.036385
1.796610 -0.256764 0.054577
1.796610 -0.342352 0.072769
1.796610 -0.000000 -0.000000
1.796610 -0.085588 -0.018192
1.796610 -0.171176 -0.036385
1.796610 -0.256764 -0.054577
1.796610 -0.342352 -0.072769
1.796610 -0.000000 -0.000000
1.796610 -0.070789 -0.051431
1.796610 -0.141578 -0.102862
1.796610 -0.212367 -0.154294
1.796610 -0.283156 -0.205725
1.796610 -0.000000 -0.000000
1.796610 -0.043750 -0.075777
1.796610 -0.087500 -0.151554
1.796610 -0.131250 -0.227332
1.796610 -0.175000 -0.303109
1.796610 -0.000000 -0.000000
1.796610 -0.009146 -0.087021
1.796610 -0.018292 -0.174041
1.796610 -0.027439 -0.261062
1.796610 -0.036585 -0.348083
1.796610 0.000000 -0.000000
1.796610 0.027039 -0.083217
1.796610 0.054078 -0.166435
1.796610 0.081117 -0.249652
1.796610 0.108156 -0.332870
1.796610 0.000000 -0.000000
1.796610 0.058549 -0.065025
1.796610 0.117098 -0.130050
1.796610 0.175647 -0.195076
1.796610 0.234196 -0.260101
1.796610 0.000000 -0.000000
1.796610 0.079935 -0.035589
1.796610 0.159870 -0.071179
1.796610 0.239806 -0.106768
1.796610 0.319741 -0.142358
1.830508 0.000000 0.000000
1.830508 0.087500 0.000000
1.830508 0.175000 0.000000
1.830508 0.262500 0.000000
1.830508 0.350000 0.000000
1.830508 0.000000 0.000000
1.830508 0.079935 0.035589
1.830508 0.159870 0.071179
1.830508 0.239806 0.106768
1.830508 0.319741 0.142358
1.830508 0.000000 0.000000
1.830508 0.058549 0.065025
1.830508 0.117098 0.130050
1.830508 0.175647 0.195076
1.830508 0.234196 0.260101
1.830508 0.000000 0.000000
1.830508 0.027039 0.083217
1.830508 0.054078 0.166435
1.830508 0.081117 0.249652
1.830508 0.108156 0.332870
1.830508 -0.000000 0.000000
1.830508 -0.009146 0.087021
1.830508 -0.018292 0.174041
1.830508 -0.027439 0.261062
1.830508 -0.036585 0.348083
1.830508 -0.000000 0.000000
1.830508 -0.043750 0.075777
1.830508 -0.087500 0.151554
1.830508 -0.131250 0.227332
1.830508 -0.175000 0.303109
1.830508 -0.000000 0.000000
1.830508 -0.070789 0.051431
1.830508 -0.141578 0.102862
1.830508 -0.212367 0.154294
1.830508 -0.283156 0.205725
1.830508 -0.000000 0.000000
1.830508 -0.085588 0.018192
1.830508 -0.171176 0.036385
1.830508 -0.256764 0.054577
1.830508 -0.342352 0.072769
1.830508 -0.000000 -0.000000
1.830508 -0.085588 -0.018192
1.830508 -0.171176 -0.036385
1.830508 -0.256764 -0.054577
1.830508 -0.342352 -0.072769
1.830508 -0.000000 -0.000000
1.830508 -0.070789 -0.051431
1.830508 -0.141578 -0.102862
1.830508 -0.212367 -0.154294
1.830508 -0.283156 -0.205725
1.830508 -0.000000 -0.000000
1.830508 -0.043750 -0.075777
1.830508 -0.087500 -0.151554
1.830508 -0.131250 -0.227332
1.830508 -0.175000 -0.303109
1.830508 -0.000000 -0.000000
1.830508 -0.009146 -0.087021
1.830508 -0.018292 -0.174041
1.830508 -0.027439 -0.261062
1.830508 -0.036585 -0.348083
1.830508 0.000000 -0.000000
1.830508 0.027039 -0.083217
1.830508 0.054078 -0.166435
1.830508 0.081117 -0.249652
1.830508 0.108156 -0.332870
1.830508 0.000000 -0.000000
1.830508 0.058549 -0.065025
1.830508 0.117098 -0.130050
1.830508 0.175647 -0.195076
1.830508 0.234196 -0.260101
1.830508 0.000000 -0.000000
1.830508 0.079935 -0.035589
1.830508 0.159870 -0.071179
1.830508 0.239806 -0.106768
1.830508 0.319741 -0.142358
1.864407 0.000000 0.000000
1.864407 0.087500 0.000000
1.864407 0.175000 0.000000
1.864407 0.262500 0.000000
1.864407 0.350000 0.000000
1.864407 0.000000 0.000000
1.864407 0.079935 0.035589
1.864407 0.159870 0.071179
1.864407 0.239806 0.106768
1.864407 0.319741 0.142358
1.864407 0.000000 0.000000
1.864407 0.058549 0.065025
1.864407 0.117098 0.130050
1.864407 0.175647 0.195076
1.864407 0.234196 0.260101
1.864407 0.000000 0.000000
1.864407 0.027039 0.083217
1.864407 0.054078 0.166435
1.864407 0.081117 0.249652
1.864407 0.108156 0.332870
1.864407 -0.000000 0.000000
1.864407 -0.009146 0.087021
1.864407 -0.018292 0.174041
1.864407 -0.027439 0.261062
1.864407 -0.036585 0.348083
1.864407 -0.000000 0.000000
1.864407 -0.043750 0.075777
1.864407 -0.087500 0.151554
1.864407 -0.131250 0.227332
1.864407 -0.175000 0.303109
1.864407 -0.000000 0.000000
1.864407 -0.070789 0.051431
1.864407 -0.141578 0.102862
1.864407 -0.212367 0.154294
1.864407 -0.283156 0.205725
1.864407 -0.000000 0.000000
1.864407 -0.085588 0.018192
1.864407 -0.171176 0.036385
1.864407 -0.256764 0.054577
1.864407 -0.342352 0.072769
1.864407 -0.000000 -0.000000
1.864407 -0.085588 -0.018192
1.864407 -0.171176 -0.036385
1.864407 -0.256764 -0.054577
1.864407 -0.342352 -0.072769
1.864407 -0.000000 -0.000000
1.864407 -0.070789 -0.051431
1.864407 -0.141578 -0.102862
1.864407 -0.212367 -0.154294
1.864407 -0.283156 -0.205725
1.864407 -0.000000 -0.000000
1.864407 -0.043750 -0.075777
1.864407 -0.087500 -0.151554
1.864407 -0.131250 -0.227332
1.864407 -0.175000 -0.303109
1.864407 -0.000000 -0.000000
1.864407 -0.009146 -0.087021
1.864407 -0.018292 -0.174041
1.864407 -0.027439 -0.261062
1.864407 -0.036585 -0.348083
1.864407 0.000000 -0.000000
1.864407 0.027039 -0.083217
1.864407 0.054078 -0.166435
1.864407 0.081117 -0.249652
1.864407 0.108156 -0.332870
1.864407 0.000000 -0.000000
1.864407 0.058549 -0.065025
1.864407 0.117098 -0.130050
1.864407 0.175647 -0.195076
1.864407 0.234196 -0.260101
1.864407 0.000000 -0.000000
1.864407 0.079935 -0.035589
1.864407 0.159870 -0.071179
1.864407 0.239806 -0.106768
1.864407 0.319741 -0.142358
1.898305 0.000000 0.000000
1.898305 0.087500 0.000000
1.898305 0.175000 0.000000
1.898305 0.262500 0.000000
1.898305 0.350000 0.000000
1.898305 0.000000 0.000000
1.898305 0.079935 0.035589
1.898305 0.159870 0.071179
1.898305 0.239806 0.106768
1.898305 0.319741 0.142358
1.898305 0.000000 0.000000
1.898305 0.058549 0.065025
1.898305 0.117098 0.130050
1.898305 0.175647 0.195076
1.898305 0.234196 0.260101
1.898305 0.000000 0.000000
1.898305 0.027039 0.083217
1.898305 0.054078 0.166435
1.898305 0.081117 0.249652
1.898305 0.108156 0.332870
1.898305 -0.000000 0.000000
1.898305 -0.009146 0.087021
1.898305 -0.018292 0.174041
1.898305 -0.027439 0.261062
1.898305 -0.036585 0.348083
1.898305 -0.000000 0.000000
1.898305 -0.043750 0.075777
1.898305 -0.087500 0.151554
1.898305 -0.131250 0.227332
1.898305 -0.175000 0.303109
1.898305 -0.000000 0.000000
1.898305 -0.070789 0.051431
1.898305 -0.141578 0.102862
1.898305 -0.212367 0.154294
1.898305 -0.283156 0.205725
1.898305 -0.000000 0.000000
1.898305 -0.085588 0.018192
1.898305 -0.171176 0.036385
1.898305 -0.256764 0.054577
1.898305 -0.342352 0.072769
1.898305 -0.000000 -0.000000
1.898305 -0.085588 -0.018192
1.898305 -0.171176 -0.036385
1.898305 -0.256764 -0.054577
1.898305 -0.342352 -0.072769
1.898305 -0.000000 -0.000000
1.898305 -0.070789 -0.051431
1.898305 -0.141578 -0.102862
1.898305 -0.212367 -0.154294
1.898305 -0.283156 -0.205725
1.898305 -0.000000 -0.000000
1.898305 -0.043750 -0.075777
1.898305 -0.087500 -0.151554
1.898305 -0.131250 -0.227332
1.898305 -0.175000 -0.303109
1.898305 -0.000000 -0.000000
1.898305 -0.009146 -0.087021
1.898305 -0.018292 -0.174041
1.898305 -0.027439 -0.261062
1.898305 -0.036585 -0.348083
1.898305 0.000000 -0.000000
1.898305 0.027039 -0.083217
1.898305 0.054078 -0.166435
1.898305 0.081117 -0.249652
1.898305 0.108156 -0.332870
1.898305 0.000000 -0.000000
1.898305 0.058549 -0.065025
1.898305 0.117098 -0.130050
1.898305 0.175647 -0.195076
1.898305 0.234196 -0.260101
1.898305 0.000000 -0.000000
1.898305 0.079935 -0.035589
1.898305 0.159870 -0.071179
1.898305 0.239806 -0.106768
1.898305 0.319741 -0.142358
1.932203 0.000000 0.000000
1.932203 0.087500 0.000000
1.932203 0.175000 0.000000
1.932203 0.262500 0.000000
1.932203 0.350000 0.000000
1.932203 0.000000 0.000000
1.932203 0.079935 0.035589
1.932203 0.159870 0.071179
1.932203 0.239806 0.106768
1.932203 0.319741 0.142358
1.932203 0.000000 0.000000
1.932203 0.058549 0.065025
1.932203 0.117098 0.130050
1.932203 0.175647 0.195076
1.932203 0.234196 0.260101
1.932203 0.000000 0.000000
1.932203 0.027039 0.083217
1.932203 0.054078 0.166435
1.932203 0.081117 0.249652
1.932203 0.108156 0.332870
1.932203 -0.000000 0.000000
1.932203 -0.009146 0.087021
1.932203 -0.018292 0.174041
1.932203 -0.027439 0.261062
1.932203 -0.036585 0.348083
1.932203 -0.000000 0.000000
1.932203 -0.043750 0.075777
1.932203 -0.087500 0.151554
1.932203 -0.131250 0.227332
1.932203 -0.175000 0.303109
1.932203 -0.000000 0.000000
1.932203 -0.070789 0.051431
1.932203 -0.141578 0.102862
1.932203 -0.212367 0.154294
1.932203 -0.283156 0.205725
1.932203 -0.000000 0.000000
1.932203 -0.085588 0.018192
1.932203 -0.171176 0.036385
1.932203 -0.256764 0.054577
1.932203 -0.342352 0.072769
1.932203 -0.000000 -0.000000
1.932203 -0.085588 -0.018192
1.932203 -0.171176 -0.036385
1.932203 -0.256764 -0.054577
1.932203 -0.342352 -0.072769
1.932203 -0.000000 -0.000000
1.932203 -0.070789 -0.051431
1.932203 -0.141578 -0.102862
1.932203 -0.212367 -0.154294
1.932203 -0.283156 -0.205725
1.932203 -0.000000 -0.000000
1.932203 -0.043750 -0.075777
1.932203 -0.087500 -0.151554
1.932203 -0.131250 -0.227332
1.932203 -0.175000 -0.303109
1.932203 -0.000000 -0.000000
1.932203 -0.009146 -0.087021
1.932203 -0.018292 -0.174041
1.932203 -0.027439 -0.261062
1.932203 -0.036585 -0.348083
1.932203 0.000000 -0.000000
1.932203 0.027039 -0.083217
1.932203 0.054078 -0.166435
1.932203 0.081117 -0.249652
1.932203 0.108156 -0.332870
1.932203 0.000000 -0.000000
1.932203 0.058549 -0.065025
1.932203 0.117098 -0.130050
1.932203 0.175647 -0.195076
1.932203 0.234196 -0.260101
1.932203 0.000000 -0.000000
1.932203 0.079935 -0.035589
1.932203 0.159870 -0.071179
1.932203 0.239806 -0.106768
1.932203 0.319741 -0.142358
1.966102 0.000000 0.000000
1.966102 0.087500 0.000000
1.966102 0.175000 0.000000
1.966102 0.262500 0.000000
1.966102 0.350000 0.000000
1.966102 0.000000 0.000000
1.966102 0.079935 0.035589
1.966102 0.159870 0.071179
1.966102 0.239806 0.106768
1.966102 0.319741 0.142358
1.966102 0.000000 0.000000
1.966102 0.058549 0.065025
1.966102 0.117098 0.130050
1.966102 0.175647 0.195076
1.966102 0.234196 0.260101
1.966102 0.000000 0.000000
1.966102 0.027039 0.083217
1.966102 0.054078 0.166435
1.966102 0.081117 0.249652
1.966102 0.108156 0.332870
1.966102 -0.000000 0.000000
1.966102 -0.009146 0.087021
1.966102 -0.018292 0.174041
1.966102 -0.027439 0.261062
1.966102 -0.036585 0.348083
1.966102 -0.000000 0.000000
1.966102 -0.043750 0.075777
1.966102 -0.087500 0.151554
1.966102 -0.131250 0.227332
1.966102 -0.175000 0.303109
1.966102 -0.000000 0.000000
1.966102 -0.070789 0.051431
1.966102 -0.141578 0.102862
1.966102 -0.212367 0.154294
1.966102 -0.283156 0.205725
1.966102 -0.000000 0.000000
1.966102 -0.085588 0.018192
1.966102 -0.171176 0.036385
1.966102 -0.256764 0.054577
1.966102 -0.342352 0.072769
1.966102 -0.000000 -0.000000
1.966102 -0.085588 -0.018192
1.966102 -0.171176 -0.036385
1.966102 -0.256764 -0.054577
1.966102 -0.342352 -0.072769
1.966102 -0.000000 -0.000000
1.966102 -0.070789 -0.051431
1.966102 -0.141578 -0.102862
1.966102 -0.212367 -0.154294
1.966102 -0.283156 -0.205725
1.966102 -0.000000 -0.000000
1.966102 -0.043750 -0.075777
1.966102 -0.087500 -0.151554
1.966102 -0.131250 -0.227332
1.966102 -0.175000 -0.303109
1.966102 -0.000000 -0.000000
1.966102 -0.009146 -0.087021
1.966102 -0.018292 -0.174041
1.966102 -0.027439 -0.261062
1.966102 -0.036585 -0.348083
1.966102 0.000000 -0.000000
1.966102 0.027039 -0.083217
1.966102 0.054078 -0.166435
1.966102 0.081117 -0.249652
1.966102 0.108156 -0.332870
1.966102 0.000000 -0.000000
1.966102 0.058549 -0.065025
1.966102 0.117098 -0.130050
1.966102 0.175647 -0.195076
1.966102 0.234196 -0.260101
1.966102 0.000000 -0.000000
1.966102 0.079935 -0.035589
1.966102 0.159870 -0.071179
1.966102 0.239806 -0.106768
1.966102 0.319741 -0.142358
2.000000 0.000000 0.000000
2.000000 0.087500 0.000000
2.000000 0.175000 0.000000
2.000000 0.262500 0.000000
2.000000 0.350000 0.000000
2.000000 0.000000 0.000000
2.000000 0.079935 0.035589
2.000000 0.159870 0.071179
2.000000 0.239806 0.106768
2.000000 0.319741 0.142358
2.000000 0.000000 0.000000
2.000000 0.058549 0.065025
2.000000 0.117098 0.130050
2.000000 0.175647 0.195076
2.000000 0.234196 0.260101
2.000000 0.000000 0.000000
2.000000 0.027039 0.083217
2.000000 0.054078 0.166435
2.000000 0.081117 0.249652
2.000000 0.108156 0.332870
2.000000 -0.000000 0.000000
2.000000 -0.009146 0.087021
2.000000 -0.018292 0.174041
2.000000 -0.027439 0.261062
2.000000 -0.036585 0.348083
2.000000 -0.000000 0.000000
2.000000 -0.043750 0.075777
2.000000 -0.087500 0.151554
2.000000 -0.131250 0.227332
2.000000 -0.175000 0.303109
2.000000 -0.000000 0.000000
2.000000 -0.070789 0.051431
2.000000 -0.141578 0.102862
2.000000 -0.212367 0.154294
2.000000 -0.283156 0.205725
2.000000 -0.000000 0.000000
2.000000 -0.085588 0.018192
2.000000 -0.171176 0.036385
2.000000 -0.256764 0.054577
2.000000 -0.342352 0.072769
2.000000 -0.000000 -0.000000
2.000000 -0.085588 -0.018192
2.000000 -0.171176 -0.036385
2.000000 -0.256764 -0.054577
2.000000 -0.342352 -0.072769
2.000000 -0.000000 -0.000000
2.000000 -0.070789 -0.051431
2.000000 -0.141578 -0.102862
2.000000 -0.212367 -0.154294
2.000000 -0.283156 -0.205725
2.000000 -0.000000 -0.000000
2.000000 -0.043750 -0.075777
2.000000 -0.087500 -0.151554
2.000000 -0.131250 -0.227332
2.000000 -0.175000 -0.303109
2.000000 -0.000000 -0.000000
2.000000 -0.009146 -0.087021
2.000000 -0.018292 -0.174041
2.000000 -0.027439 -0.261062
2.000000 -0.036585 -0.348083
2.000000 0.000000 -0.000000
2.000000 0.027039 -0.083217
2.000000 0.054078 -0.166435
2.000000 0.081117 -0.249652
2.000000 0.108156 -0.332870
2.000000 0.000000 -0.000000
2.000000 0.058549 -0.065025
2.000000 0.117098 -0.130050
2.000000 0.175647 -0.195076
2.000000 0.234196 -0.260101
2.000000 0.000000 -0.000000
2.000000 0.079935 -0.035589
2.000000 0.159870 -0.071179
2.000000 0.239806 -0.106768
2.000000 0.319741 -0.142358
0.000000 -0.250000 -0.450000
0.000000 -0.250000 -0.426316
0.000000 -0.250000 -0.402632
0.000000 -0.250000 -0.378947
0.000000 -0.250000 -0.355263
0.000000 -0.229167 -0.450000
0.000000 -0.229167 -0.426316
0.000000 -0.229167 -0.402632
0.000000 -0.229167 -0.378947
0.000000 -0.229167 -0.355263
0.000000 -0.208333 -0.450000
0.000000 -0.208333 -0.426316
0.000000 -0.208333 -0.402632
0.000000 -0.208333 -0.378947
0.000000 -0.208333 -0.355263
0.000000 -0.187500 -0.450000
0.000000 -0.187500 -0.426316
0.000000 -0.187500 -0.402632
0.000000 -0.187500 -0.378947
0.000000 -0.187500 -0.355263
0.000000 -0.166667 -0.450000
0.000000 -0.166667 -0.426316
0.000000 -0.166667 -0.402632
0.000000 -0.166667 -0.378947
0.000000 -0.166667 -0.355263
0.000000 -0.145833 -0.450000
0.000000 -0.145833 -0.426316
0.000000 -0.145833 -0.402632
0.000000 -0.145833 -0.378947
0.000000 -0.145833 -0.355263
0.000000 -0.125000 -0.450000
0.000000 -0.125000 -0.426316
0.000000 -0.125000 -0.402632
0.000000 -0.125000 -0.378947
0.000000 -0.125000 -0.355263
0.000000 -0.104167 -0.450000
0.000000 -0.104167 -0.426316
0.000000 -0.104167 -0.402632
0.000000 -0.104167 -0.378947
0.000000 -0.104167 -0.355263
0.000000 -0.083333 -0.450000
0.000000 -0.083333 -0.426316
0.000000 -0.083333 -0.402632
0.000000 -0.083333 -0.378947
0.000000 -0.083333 -0.355263
0.000000 -0.062500 -0.450000
0.000000 -0.062500 -0.426316
0.000000 -0.062500 -0.402632
0.000000 -0.062500 -0.378947
0.000000 -0.062500 -0.355263
0.000000 -0.041667 -0.450000
0.000000 -0.041667 -0.426316
0.000000 -0.041667 -0.402632
0.000000 -0.041667 -0.378947
0.000000 -0.041667 -0.355263
0.000000 -0.020833 -0.450000
0.000000 -0.020833 -0.426316
0.000000 -0.020833 -0.402632
0.000000 -0.020833 -0.378947
0.000000 -0.020833 -0.355263
0.000000 0.000000 -0.450000
0.000000 0.000000 -0.426316
0.000000 0.000000 -0.402632
0.000000 0.000000 -0.378947
0.000000 0.000000 -0.355263
0.000000 0.020833 -0.450000
0.000000 0.020833 -0.426316
0.000000 0.020833 -0.402632
0.000000 0.020833 -0.378947
0.000000 0.020833 -0.355263
0.000000 0.041667 -0.450000
0.000000 0.041667 -0.426316
0.000000 0.041667 -0.402632
0.000000 0.041667 -0.378947
0.000000 0.041667 -0.355263
0.000000 0.062500 -0.450000
0.000000 0.062500 -0.426316
0.000000 0.062500 -0.402632
0.000000 0.062500 -0.378947
0.000000 0.062500 -0.355263
0.000000 0.083333 -0.450000
0.000000 0.083333 -0.426316
0.000000 0.083333 -0.402632
0.000000 0.083333 -0.378947
0.000000 0.083333 -0.355263
0.000000 0.104167 -0.450000
0.000000 0.104167 -0.426316
0.000000 0.104167 -0.402632
0.000000 0.104167 -0.378947
0.000000 0.104167 -0.355263
0.000000 0.125000 -0.450000
0.000000 0.125000 -0.426316
0.000000 0.125000 -0.402632
0.000000 0.125000 -0.378947
0.000000 0.125000 -0.355263
0.000000 0.145833 -0.450000
0.000000 0.145833 -0.426316
0.000000 0.145833 -0.402632
0.000000 0.145833 -0.378947
0.000000 0.145833 -0.355263
0.000000 0.166667 -0.450000
0.000000 0.166667 -0.426316
0.000000 0.166667 -0.402632
0.000000 0.166667 -0.378947
0.000000 0.166667 -0.355263
0.000000 0.187500 -0.450000
0.000000 0.187500 -0.426316
0.000000 0.187500 -0.402632
0.000000 0.187500 -0.378947
0.000000 0.187500 -0.355263
0.000000 0.208333 -0.450000
0.000000 0.208333 -0.426316
0.000000 0.208333 -0.402632
0.000000 0.208333 -0.378947
0.000000 0.208333 -0.355263
0.000000 0.229167 -0.450000
0.000000 0.229167 -0.426316
0.000000 0.229167 -0.402632
0.000000 0.229167 -0.378947
0.000000 0.229167 -0.355263
0.000000 0.250000 -0.450000
0.000000 0.250000 -0.426316
0.000000 0.250000 -0.402632
0.000000 0.250000 -0.378947
0.000000 0.250000 -0.355263
0.007143 -0.250000 -0.450000
0.007143 -0.250000 -0.426316
0.007143 -0.250000 -0.402632
0.007143 -0.250000 -0.378947
0.007143 -0.250000 -0.355263
0.007143 -0.229167 -0.450000
0.007143 -0.229167 -0.426316
0.007143 -0.229167 -0.402632
0.007143 -0.229167 -0.378947
0.007143 -0.229167 -0.355263
0.007143 -0.208333 -0.450000
0.007143 -0.208333 -0.426316
0.007143 -0.208333 -0.402632
0.007143 -0.208333 -0.378947
0.007143 -0.208333 -0.355263
0.007143 -0.187500 -0.450000
0.007143 -0.187500 -0.426316
0.007143 -0.187500 -0.402632
0.007143 -0.187500 -0.378947
0.007143 -0.187500 -0.355263
0.007143 -0.166667 -0.450000
0.007143 -0.166667 -0.426316
0.007143 -0.166667 -0.402632
0.007143 -0.166667 -0.378947
0.007143 -0.166667 -0.355263
0.007143 -0.145833 -0.450000
0.007143 -0.145833 -0.426316
0.007143 -0.145833 -0.402632
0.007143 -0.145833 -0.378947
0.007143 -0.145833 -0.355263
0.007143 -0.125000 -0.450000
0.007143 -0.125000 -0.426316
0.007143 -0.125000 -0.402632
0.007143 -0.125000 -0.378947
0.007143 -0.125000 -0.355263
0.007143 -0.104167 -0.450000
0.007143 -0.104167 -0.426316
0.007143 -0.104167 -0.402632
0.007143 -0.104167 -0.378947
0.007143 -0.104167 -0.355263
0.007143 -0.083333 -0.450000
0.007143 -0.083333 -0.426316
0.007143 -0.083333 -0.402632
0.007143 -0.083333 -0.378947
0.007143 -0.083333 -0.355263
0.007143 -0.062500 -0.450000
0.007143 -0.062500 -0.426316
0.007143 -0.062500 -0.402632
0.007143 -0.062500 -0.378947
0.007143 -0.062500 -0.355263
0.007143 -0.041667 -0.450000
0.007143 -0.041667 -0.426316
0.007143 -0.041667 -0.402632
0.007143 -0.041667 -0.378947
0.007143 -0.041667 -0.355263
0.007143 -0.020833 -0.450000
0.007143 -0.020833 -0.426316
0.007143 -0.020833 -0.402632
0.007143 -0.020833 -0.378947
0.007143 -0.020833 -0.355263
0.007143 0.000000 -0.450000
0.007143 0.000000 -0.426316
0.007143 0.000000 -0.402632
0.007143 0.000000 -0.378947
0.007143 0.000000 -0.355263
0.007143 0.020833 -0.450000
0.007143 0.020833 -0.426316
0.007143 0.020833 -0.402632
0.007143 0.020833 -0.378947
0.007143 0.020833 -0.355263
0.007143 0.041667 -0.450000
0.007143 0.041667 -0.426316
0.007143 0.041667 -0.402632
0.007143 0.041667 -0.378947
0.007143 0.041667 -0.355263
0.007143 0.062500 -0.450000
0.007143 0.062500 -0.426316
0.007143 0.062500 -0.402632
0.007143 0.062500 -0.378947
0.007143 0.062500 -0.355263
0.007143 0.083333 -0.450000
0.007143 0.083333 -0.426316
0.007143 0.083333 -0.402632
0.007143 0.083333 -0.378947
0.007143 0.083333 -0.355263
0.007143 0.104167 -0.450000
0.007143 0.104167 -0.426316
0.007143 0.104167 -0.402632
0.007143 0.104167 -0.378947
0.007143 0.104167 -0.355263
0.007143 0.125000 -0.450000
0.007143 0.125000 -0.426316
0.007143 0.125000 -0.402632
0.007143 0.125000 -0.378947
0.007143 0.125000 -0.355263
0.007143 0.145833 -0.450000
0.007143 0.145833 -0.426316
0.007143 0.145833 -0.402632
0.007143 0.145833 -0.378947
0.007143 0.145833 -0.355263
0.007143 0.166667 -0.450000
0.007143 0.166667 -0.426316
0.007143 0.166667 -0.402632
0.007143 0.166667 -0.378947
0.007143 0.166667 -0.355263
0.007143 0.187500 -0.450000
0.007143 0.187500 -0.426316
0.007143 0.187500 -0.402632
0.007143 0.187500 -0.378947
0.007143 0.187500 -0.355263
0.007143 0.208333 -0.450000
0.007143 0.208333 -0.426316
0.007143 0.208333 -0.402632
0.007143 0.208333 -0.378947
0.007143 0.208333 -0.355263
0.007143 0.229167 -0.450000
0.007143 0.229167 -0.426316
0.007143 0.229167 -0.402632
0.007143 0.229167 -0.378947
0.007143 0.229167 -0.355263
0.007143 0.250000 -0.450000
0.007143 0.250000 -0.426316
0.007143 0.250000 -0.402632
0.007143 0.250000 -0.378947
0.007143 0.250000 -0.355263
0.014286 -0.250000 -0.450000
0.014286 -0.250000 -0.426316
0.014286 -0.250000 -0.402632
0.014286 -0.250000 -0.378947
0.014286 -0.250000 -0.355263
0.014286 -0.229167 -0.450000
0.014286 -0.229167 -0.426316
0.014286 -0.229167 -0.402632
0.014286 -0.229167 -0.378947
0.014286 -0.229167 -0.355263
0.014286 -0.208333 -0.450000
0.014286 -0.208333 -0.426316
0.014286 -0.208333 -0.402632
0.014286 -0.208333 -0.378947
0.014286 -0.208333 -0.355263
0.014286 -0.187500 -0.450000
0.014286 -0.187500 -0.426316
0.014286 -0.187500 -0.402632
0.014286 -0.187500 -0.378947
0.014286 -0.187500 -0.355263
0.014286 -0.166667 -0.450000
0.014286 -0.166667 -0.426316
0.014286 -0.166667 -0.402632
0.014286 -0.166667 -0.378947
0.014286 -0.166667 -0.355263
0.014286 -0.145833 -0.450000
0.014286 -0.145833 -0.426316
0.014286 -0.145833 -0.402632
0.014286 -0.145833 -0.378947
0.014286 -0.145833 -0.355263
0.014286 -0.125000 -0.450000
0.014286 -0.125000 -0.426316
0.014286 -0.125000 -0.402632
0.014286 -0.125000 -0.378947
0.014286 -0.125000 -0.355263
0.014286 -0.104167 -0.450000
0.014286 -0.104167 -0.426316
0.014286 -0.104167 -0.402632
0.014286 -0.104167 -0.378947
0.014286 -0.104167 -0.355263
0.014286 -0.083333 -0.450000
0.014286 -0.083333 -0.426316
0.014286 -0.083333 -0.402632
0.014286 -0.083333 -0.378947
0.014286 -0.083333 -0.355263
0.014286 -0.062500 -0.450000
0.014286 -0.062500 -0.426316
0.014286 -0.062500 -0.402632
0.014286 -0.062500 -0.378947
0.014286 -0.062500 -0.355263
0.014286 -0.041667 -0.450000
0.014286 -0.041667 -0.426316
0.014286 -0.041667 -0.402632
0.014286 -0.041667 -0.378947
0.014286 -0.041667 -0.355263
0.014286 -0.020833 -0.450000
0.014286 -0.020833 -0.426316
0.014286 -0.020833 -0.402632
0.014286 -0.020833 -0.378947
0.014286 -0.020833 -0.355263
0.014286 0.000000 -0.450000
0.014286 0.000000 -0.426316
0.014286 0.000000 -0.402632
0.014286 0.000000 -0.378947
0.014286 0.000000 -0.355263
0.014286 0.020833 -0.450000
0.014286 0.020833 -0.426316
0.014286 0.020833 -0.402632
0.014286 0.020833 -0.378947
0.014286 0.020833 -0.355263
0.014286 0.041667 -0.450000
0.014286 0.041667 -0.426316
0.014286 0.041667 -0.402632
0.014286 0.041667 -0.378947
0.014286 0.041667 -0.355263
0.014286 0.062500 -0.450000
0.014286 0.062500 -0.426316
0.014286 0.062500 -0.402632
0.014286 0.062500 -0.378947
0.014286 0.062500 -0.355263
0.014286 0.083333 -0.450000
0.014286 0.083333 -0.426316
0.014286 0.083333 -0.402632
0.014286 0.083333 -0.378947
0.014286 0.083333 -0.355263
0.014286 0.104167 -0.450000
0.014286 0.104167 -0.426316
0.014286 0.104167 -0.402632
0.014286 0.104167 -0.378947
0.014286 0.104167 -0.355263
0.014286 0.125000 -0.450000
0.014286 0.125000 -0.426316
0.014286 0.125000 -0.402632
0.014286 0.125000 -0.378947
0.014286 0.125000 -0.355263
0.014286 0.145833 -0.450000
0.014286 0.145833 -0.426316
0.014286 0.145833 -0.402632
0.014286 0.145833 -0.378947
0.014286 0.145833 -0.355263
0.014286 0.166667 -0.450000
0.014286 0.166667 -0.426316
0.014286 0.166667 -0.402632
0.014286 0.166667 -0.378947
0.014286 0.166667 -0.355263
0.014286 0.187500 -0.450000
0.014286 0.187500 -0.426316
0.014286 0.187500 -0.402632
0.014286 0.187500 -0.378947
0.014286 0.187500 -0.355263
0.014286 0.208333 -0.450000
0.014286 0.208333 -0.426316
0.014286 0.208333 -0.402632
0.014286 0.208333 -0.378947
0.014286 0.208333 -0.355263
0.014286 0.229167 -0.450000
0.014286 0.229167 -0.426316
0.014286 0.229167 -0.402632
0.014286 0.229167 -0.378947
0.014286 0.229167 -0.355263
0.014286 0.250000 -0.450000
0.014286 0.250000 -0.426316
0.014286 0.250000 -0.402632
0.014286 0.250000 -0.378947
0.014286 0.250000 -0.355263
0.021429 -0.250000 -0.450000
0.021429 -0.250000 -0.426316
0.021429 -0.250000 -0.402632
0.021429 -0.250000 -0.378947
0.021429 -0.250000 -0.355263
0.021429 -0.229167 -0.450000
0.021429 -0.229167 -0.426316
0.021429 -0.229167 -0.402632
0.021429 -0.229167 -0.378947
0.021429 -0.229167 -0.355263
0.021429 -0.208333 -0.450000
0.021429 -0.208333 -0.426316
0.021429 -0.208333 -0.402632
0.021429 -0.208333 -0.378947
0.021429 -0.208333 -0.355263
0.021429 -0.187500 -0.450000
0.021429 -0.187500 -0.426316
0.021429 -0.187500 -0.402632
0.021429 -0.187500 -0.378947
0.021429 -0.187500 -0.355263
0.021429 -0.166667 -0.450000
0.021429 -0.166667 -0.426316
0.021429 -0.166667 -0.402632
0.021429 -0.166667 -0.378947
0.021429 -0.166667 -0.355263
0.021429 -0.145833 -0.450000
0.021429 -0.145833 -0.426316
0.021429 -0.145833 -0.402632
0.021429 -0.145833 -0.378947
0.021429 -0.145833 -0.355263
0.021429 -0.125000 -0.450000
0.021429 -0.125000 -0.426316
0.021429 -0.125000 -0.402632
0.021429 -0.125000 -0.378947
0.021429 -0.125000 -0.355263
0.021429 -0.104167 -0.450000
0.021429 -0.104167 -0.426316
0.021429 -0.104167 -0.402632
0.021429 -0.104167 -0.378947
0.021429 -0.104167 -0.355263
0.021429 -0.083333 -0.450000
0.021429 -0.083333 -0.426316
0.021429 -0.083333 -0.402632
0.021429 -0.083333 -0.378947
0.021429 -0.083333 -0.355263
0.021429 -0.062500 -0.450000
0.021429 -0.062500 -0.426316
0.021429 -0.062500 -0.402632
0.021429 -0.062500 -0.378947
0.021429 -0.062500 -0.355263
0.021429 -0.041667 -0.450000
0.021429 -0.041667 -0.426316
0.021429 -0.041667 -0.402632
0.021429 -0.041667 -0.378947
0.021429 -0.041667 -0.355263
0.021429 -0.020833 -0.450000
0.021429 -0.020833 -0.426316
0.021429 -0.020833 -0.402632
0.021429 -0.020833 -0.378947
0.021429 -0.020833 -0.355263
0.021429 0.000000 -0.450000
0.021429 0.000000 -0.426316
0.021429 0.000000 -0.402632
0.021429 0.000000 -0.378947
0.021429 0.000000 -0.355263
0.021429 0.020833 -0.450000
0.021429 0.020833 -0.426316
0.021429 0.020833 -0.402632
0.021429 0.020833 -0.378947
0.021429 0.020833 -0.355263
0.021429 0.041667 -0.450000
0.021429 0.041667 -0.426316
0.021429 0.041667 -0.402632
0.021429 0.041667 -0.378947
0.021429 0.041667 -0.355263
0.021429 0.062500 -0.450000
0.021429 0.062500 -0.426316
0.021429 0.062500 -0.402632
0.021429 0.062500 -0.378947
0.021429 0.062500 -0.355263
0.021429 0.083333 -0.450000
0.021429 0.083333 -0.426316
0.021429 0.083333 -0.402632
0.021429 0.083333 -0.378947
0.021429 0.083333 -0.355263
0.021429 0.104167 -0.450000
0.021429 0.104167 -0.426316
0.021429 0.104167 -0.402632
0.021429 0.104167 -0.378947
0.021429 0.104167 -0.355263
0.021429 0.125000 -0.450000
0.021429 0.125000 -0.426316
0.021429 0.125000 -0.402632
0.021429 0.125000 -0.378947
0.021429 0.125000 -0.355263
0.021429 0.145833 -0.450000
0.021429 0.145833 -0.426316
0.021429 0.145833 -0.402632
0.021429 0.145833 -0.378947
0.021429 0.145833 -0.355263
0.021429 0.166667 -0.450000
0.021429 0.166667 -0.426316
0.021429 0.166667 -0.402632
0.021429 0.166667 -0.378947
0.021429 0.166667 -0.355263
0.021429 0.187500 -0.450000
0.021429 0.187500 -0.426316
0.021429 0.187500 -0.402632
0.021429 0.187500 -0.378947
0.021429 0.187500 -0.355263
0.021429 0.208333 -0.450000
0.021429 0.208333 -0.426316
0.021429 0.208333 -0.402632
0.021429 0.208333 -0.378947
0.021429 0.208333 -0.355263
0.021429 0.229167 -0.450000
0.021429 0.229167 -0.426316
0.021429 0.229167 -0.402632
0.021429 0.229167 -0.378947
0.021429 0.229167 -0.355263
0.021429 0.250000 -0.450000
0.021429 0.250000 -0.426316
0.021429 0.250000 -0.402632
0.021429 0.250000 -0.378947
0.021429 0.250000 -0.355263
0.028571 -0.250000 -0.450000
0.028571 -0.250000 -0.426316
0.028571 -0.250000 -0.402632
0.028571 -0.250000 -0.378947
0.028571 -0.250000 -0.355263
0.028571 -0.229167 -0.450000
0.028571 -0.229167 -0.426316
0.028571 -0.229167 -0.402632
0.028571 -0.229167 -0.378947
0.028571 -0.229167 -0.355263
0.028571 -0.208333 -0.450000
0.028571 -0.208333 -0.426316
0.028571 -0.208333 -0.402632
0.028571 -0.208333 -0.378947
0.028571 -0.208333 -0.355263
0.028571 -0.187500 -0.450000
0.028571 -0.187500 -0.426316
0.028571 -0.187500 -0.402632
0.028571 -0.187500 -0.378947
0.028571 -0.187500 -0.355263
0.028571 -0.166667 -0.450000
0.028571 -0.166667 -0.426316
0.028571 -0.166667 -0.402632
0.028571 -0.166667 -0.378947
0.028571 -0.166667 -0.355263
0.028571 -0.145833 -0.450000
0.028571 -0.145833 -0.426316
0.028571 -0.145833 -0.402632
0.028571 -0.145833 -0.378947
0.028571 -0.145833 -0.355263
0.028571 -0.125000 -0.450000
0.028571 -0.125000 -0.426316
0.028571 -0.125000 -0.402632
0.028571 -0.125000 -0.378947
0.028571 -0.125000 -0.355263
0.028571 -0.104167 -0.450000
0.028571 -0.104167 -0.426316
0.028571 -0.104167 -0.402632
0.028571 -0.104167 -0.378947
0.028571 -0.104167 -0.355263
0.028571 -0.083333 -0.450000
0.028571 -0.083333 -0.426316
0.028571 -0.083333 -0.402632
0.028571 -0.083333 -0.378947
0.028571 -0.083333 -0.355263
0.028571 -0.062500 -0.450000
0.028571 -0.062500 -0.426316
0.028571 -0.062500 -0.402632
0.028571 -0.062500 -0.378947
0.028571 -0.062500 -0.355263
0.028571 -0.041667 -0.450000
0.028571 -0.041667 -0.426316
0.028571 -0.041667 -0.402632
0.028571 -0.041667 -0.378947
0.028571 -0.041667 -0.355263
0.028571 -0.020833 -0.450000
0.028571 -0.020833 -0.426316
0.028571 -0.020833 -0.402632
0.028571 -0.020833 -0.378947
0.028571 -0.020833 -0.355263
0.028571 0.000000 -0.450000
0.028571 0.000000 -0.426316
0.028571 0.000000 -0.402632
0.028571 0.000000 -0.378947
0.028571 0.000000 -0.355263
0.028571 0.020833 -0.450000
0.028571 0.020833 -0.426316
0.028571 0.020833 -0.402632
0.028571 0.020833 -0.378947
0.028571 0.020833 -0.355263
0.028571 0.041667 -0.450000
0.028571 0.041667 -0.426316
0.028571 0.041667 -0.402632
0.028571 0.041667 -0.378947
0.028571 0.041667 -0.355263
0.028571 0.062500 -0.450000
0.028571 0.062500 -0.426316
0.028571 0.062500 -0.402632
0.028571 0.062500 -0.378947
0.028571 0.062500 -0.355263
0.028571 0.083333 -0.450000
0.028571 0.083333 -0.426316
0.028571 0.083333 -0.402632
0.028571 0.083333 -0.378947
0.028571 0.083333 -0.355263
0.028571 0.104167 -0.450000
0.028571 0.104167 -0.426316
0.028571 0.104167 -0.402632
0.028571 0.104167 -0.378947
0.028571 0.104167 -0.355263
0.028571 0.125000 -0.450000
0.028571 0.125000 -0.426316
0.028571 0.125000 -0.402632
0.028571 0.125000 -0.378947
0.028571 0.125000 -0.355263
0.028571 0.145833 -0.450000
0.028571 0.145833 -0.426316
0.028571 0.145833 -0.402632
0.028571 0.145833 -0.378947
0.028571 0.145833 -0.355263
0.028571 0.166667 -0.450000
0.028571 0.166667 -0.426316
0.028571 0.166667 -0.402632
0.028571 0.166667 -0.378947
0.028571 0.166667 -0.355263
0.028571 0.187500 -0.450000
0.028571 0.187500 -0.426316
0.028571 0.187500 -0.402632
0.028571 0.187500 -0.378947
0.028571 0.187500 -0.355263
0.028571 0.208333 -0.450000
0.028571 0.208333 -0.426316
0.028571 0.208333 -0.402632
0.028571 0.208333 -0.378947
0.028571 0.208333 -0.355263
0.028571 0.229167 -0.450000
0.028571 0.229167 -0.426316
0.028571 0.229167 -0.402632
0.028571 0.229167 -0.378947
0.028571 0.229167 -0.355263
0.028571 0.250000 -0.450000
0.028571 0.250000 -0.426316
0.028571 0.250000 -0.402632
0.028571 0.250000 -0.378947
0.028571 0.250000 -0.355263
0.035714 -0.250000 -0.450000
0.035714 -0.250000 -0.426316
0.035714 -0.250000 -0.402632
0.035714 -0.250000 -0.378947
0.035714 -0.250000 -0.355263
0.035714 -0.229167 -0.450000
0.035714 -0.229167 -0.426316
0.035714 -0.229167 -0.402632
0.035714 -0.229167 -0.378947
0.035714 -0.229167 -0.355263
0.035714 -0.208333 -0.450000
0.035714 -0.208333 -0.426316
0.035714 -0.208333 -0.402632
0.035714 -0.208333 -0.378947
0.035714 -0.208333 -0.355263
0.035714 -0.187500 -0.450000
0.035714 -0.187500 -0.426316
0.035714 -0.187500 -0.402632
0.035714 -0.187500 -0.378947
0.035714 -0.187500 -0.355263
0.035714 -0.166667 -0.450000
0.035714 -0.166667 -0.426316
0.035714 -0.166667 -0.402632
0.035714 -0.166667 -0.378947
0.035714 -0.166667 -0.355263
0.035714 -0.145833 -0.450000
0.035714 -0.145833 -0.426316
0.035714 -0.145833 -0.402632
0.035714 -0.145833 -0.378947
0.035714 -0.145833 -0.355263
0.035714 -0.125000 -0.450000
0.035714 -0.125000 -0.426316
0.035714 -0.125000 -0.402632
0.035714 -0.125000 -0.378947
0.035714 -0.125000 -0.355263
0.035714 -0.104167 -0.450000
0.035714 -0.104167 -0.426316
0.035714 -0.104167 -0.402632
0.035714 -0.104167 -0.378947
0.035714 -0.104167 -0.355263
0.035714 -0.083333 -0.450000
0.035714 -0.083333 -0.426316
0.035714 -0.083333 -0.402632
0.035714 -0.083333 -0.378947
0.035714 -0.083333 -0.355263
0.035714 -0.062500 -0.450000
0.035714 -0.062500 -0.426316
0.035714 -0.062500 -0.402632
0.035714 -0.062500 -0.378947
0.035714 -0.062500 -0.355263
0.035714 -0.041667 -0.450000
0.035714 -0.041667 -0.426316
0.035714 -0.041667 -0.402632
0.035714 -0.041667 -0.378947
0.035714 -0.041667 -0.355263
0.035714 -0.020833 -0.450000
0.035714 -0.020833 -0.426316
0.035714 -0.020833 -0.402632
0.035714 -0.020833 -0.378947
0.035714 -0.020833 -0.355263
0.035714 0.000000 -0.450000
0.035714 0.000000 -0.426316
0.035714 0.000000 -0.402632
0.035714 0.000000 -0.378947
0.035714 0.000000 -0.355263
0.035714 0.020833 -0.450000
0.035714 0.020833 -0.426316
0.035714 0.020833 -0.402632
0.035714 0.020833 -0.378947
0.035714 0.020833 -0.355263
0.035714 0.041667 -0.450000
0.035714 0.041667 -0.426316
0.035714 0.041667 -0.402632
0.035714 0.041667 -0.378947
0.035714 0.041667 -0.355263
0.035714 0.062500 -0.450000
0.035714 0.062500 -0.426316
0.035714 0.062500 -0.402632
0.035714 0.062500 -0.378947
0.035714 0.062500 -0.355263
0.035714 0.083333 -0.450000
0.035714 0.083333 -0.426316
0.035714 0.083333 -0.402632
0.035714 0.083333 -0.378947
0.035714 0.083333 -0.355263
0.035714 0.104167 -0.450000
0.035714 0.104167 -0.426316
0.035714 0.104167 -0.402632
0.035714 0.104167 -0.378947
0.035714 0.104167 -0.355263
0.035714 0.125000 -0.450000
0.035714 0.125000 -0.426316
0.035714 0.125000 -0.402632
0.035714 0.125000 -0.378947
0.035714 0.125000 -0.355263
0.035714 0.145833 -0.450000
0.035714 0.145833 -0.426316
0.035714 0.145833 -0.402632
0.035714 0.145833 -0.378947
0.035714 0.145833 -0.355263
0.035714 0.166667 -0.450000
0.035714 0.166667 -0.426316
0.035714 0.166667 -0.402632
0.035714 0.166667 -0.378947
0.035714 0.166667 -0.355263
0.035714 0.187500 -0.450000
0.035714 0.187500 -0.426316
0.035714 0.187500 -0.402632
0.035714 0.187500 -0.378947
0.035714 0.187500 -0.355263
0.035714 0.208333 -0.450000
0.035714 0.208333 -0.426316
0.035714 0.208333 -0.402632
0.035714 0.208333 -0.378947
0.035714 0.208333 -0.355263
0.035714 0.229167 -0.450000
0.035714 0.229167 -0.426316
0.035714 0.229167 -0.402632
0.035714 0.229167 -0.378947
0.035714 0.229167 -0.355263
0.035714 0.250000 -0.450000
0.035714 0.250000 -0.426316
0.035714 0.250000 -0.402632
0.035714 0.250000 -0.378947
0.035714 0.250000 -0.355263
0.042857 -0.250000 -0.450000
0.042857 -0.250000 -0.426316
0.042857 -0.250000 -0.402632
0.042857 -0.250000 -0.378947
0.042857 -0.250000 -0.355263
0.042857 -0.229167 -0.450000
0.042857 -0.229167 -0.426316
0.042857 -0.229167 -0.402632
0.042857 -0.229167 -0.378947
0.042857 -0.229167 -0.355263
0.042857 -0.208333 -0.450000
0.042857 -0.208333 -0.426316
0.042857 -0.208333 -0.402632
0.042857 -0.208333 -0.378947
0.042857 -0.208333 -0.355263
0.042857 -0.187500 -0.450000
0.042857 -0.187500 -0.426316
0.042857 -0.187500 -0.402632
0.042857 -0.187500 -0.378947
0.042857 -0.187500 -0.355263
0.042857 -0.166667 -0.450000
0.042857 -0.166667 -0.426316
0.042857 -0.166667 -0.402632
0.042857 -0.166667 -0.378947
0.042857 -0.166667 -0.355263
0.042857 -0.145833 -0.450000
0.042857 -0.145833 -0.426316
0.042857 -0.145833 -0.402632
0.042857 -0.145833 -0.378947
0.042857 -0.145833 -0.355263
0.042857 -0.125000 -0.450000
0.042857 -0.125000 -0.426316
0.042857 -0.125000 -0.402632
0.042857 -0.125000 -0.378947
0.042857 -0.125000 -0.355263
0.042857 -0.104167 -0.450000
0.042857 -0.104167 -0.426316
0.042857 -0.104167 -0.402632
0.042857 -0.104167 -0.378947
0.042857 -0.104167 -0.355263
0.042857 -0.083333 -0.450000
0.042857 -0.083333 -0.426316
0.042857 -0.083333 -0.402632
0.042857 -0.083333 -0.378947
0.042857 -0.083333 -0.355263
0.042857 -0.062500 -0.450000
0.042857 -0.062500 -0.426316
0.042857 -0.062500 -0.402632
0.042857 -0.062500 -0.378947
0.042857 -0.062500 -0.355263
0.042857 -0.041667 -0.450000
0.042857 -0.041667 -0.426316
0.042857 -0.041667 -0.402632
0.042857 -0.041667 -0.378947
0.042857 -0.041667 -0.355263
0.042857 -0.020833 -0.450000
0.042857 -0.020833 -0.426316
0.042857 -0.020833 -0.402632
0.042857 -0.020833 -0.378947
0.042857 -0.020833 -0.355263
0.042857 0.000000 -0.450000
0.042857 0.000000 -0.426316
0.042857 0.000000 -0.402632
0.042857 0.000000 -0.378947
0.042857 0.000000 -0.355263
0.042857 0.020833 -0.450000
0.042857 0.020833 -0.426316
0.042857 0.020833 -0.402632
0.042857 0.020833 -0.378947
0.042857 0.020833 -0.355263
0.042857 0.041667 -0.450000
0.042857 0.041667 -0.426316
0.042857 0.041667 -0.402632
0.042857 0.041667 -0.378947
0.042857 0.041667 -0.355263
0.042857 0.062500 -0.450000
0.042857 0.062500 -0.426316
0.042857 0.062500 -0.402632
0.042857 0.062500 -0.378947
0.042857 0.062500 -0.355263
0.042857 0.083333 -0.450000
0.042857 0.083333 -0.426316
0.042857 0.083333 -0.402632
0.042857 0.083333 -0.378947
0.042857 0.083333 -0.355263
0.042857 0.104167 -0.450000
0.042857 0.104167 -0.426316
0.042857 0.104167 -0.402632
0.042857 0.104167 -0.378947
0.042857 0.104167 -0.355263
0.042857 0.125000 -0.450000
0.042857 0.125000 -0.426316
0.042857 0.125000 -0.402632
0.042857 0.125000 -0.378947
0.042857 0.125000 -0.355263
0.042857 0.145833 -0.450000
0.042857 0.145833 -0.426316
0.042857 0.145833 -0.402632
0.042857 0.145833 -0.378947
0.042857 0.145833 -0.355263
0.042857 0.166667 -0.450000
0.042857 0.166667 -0.426316
0.042857 0.166667 -0.402632
0.042857 0.166667 -0.378947
0.042857 0.166667 -0.355263
0.042857 0.187500 -0.450000
0.042857 0.187500 -0.426316
0.042857 0.187500 -0.402632
0.042857 0.187500 -0.378947
0.042857 0.187500 -0.355263
0.042857 0.208333 -0.450000
0.042857 0.208333 -0.426316
0.042857 0.208333 -0.402632
0.042857 0.208333 -0.378947
0.042857 0.208333 -0.355263
0.042857 0.229167 -0.450000
0.042857 0.229167 -0.426316
0.042857 0.229167 -0.402632
0.042857 0.229167 -0.378947
0.042857 0.229167 -0.355263
0.042857 0.250000 -0.450000
0.042857 0.250000 -0.426316
0.042857 0.250000 -0.402632
0.042857 0.250000 -0.378947
0.042857 0.250000 -0.355263
0.050000 -0.250000 -0.450000
0.050000 -0.250000 -0.426316
0.050000 -0.250000 -0.402632
0.050000 -0.250000 -0.378947
0.050000 -0.250000 -0.355263
0.050000 -0.229167 -0.450000
0.050000 -0.229167 -0.426316
0.050000 -0.229167 -0.402632
0.050000 -0.229167 -0.378947
0.050000 -0.229167 -0.355263
0.050000 -0.208333 -0.450000
0.050000 -0.208333 -0.426316
0.050000 -0.208333 -0.402632
0.050000 -0.208333 -0.378947
0.050000 -0.208333 -0.355263
0.050000 -0.187500 -0.450000
0.050000 -0.187500 -0.426316
0.050000 -0.187500 -0.402632
0.050000 -0.187500 -0.378947
0.050000 -0.187500 -0.355263
0.050000 -0.166667 -0.450000
0.050000 -0.166667 -0.426316
0.050000 -0.166667 -0.402632
0.050000 -0.166667 -0.378947
0.050000 -0.166667 -0.355263
0.050000 -0.145833 -0.450000
0.050000 -0.145833 -0.426316
0.050000 -0.145833 -0.402632
0.050000 -0.145833 -0.378947
0.050000 -0.145833 -0.355263
0.050000 -0.125000 -0.450000
0.050000 -0.125000 -0.426316
0.050000 -0.125000 -0.402632
0.050000 -0.125000 -0.378947
0.050000 -0.125000 -0.355263
0.050000 -0.104167 -0.450000
0.050000 -0.104167 -0.426316
0.050000 -0.104167 -0.402632
0.050000 -0.104167 -0.378947
0.050000 -0.104167 -0.355263
0.050000 -0.083333 -0.450000
0.050000 -0.083333 -0.426316
0.050000 -0.083333 -0.402632
0.050000 -0.083333 -0.378947
0.050000 -0.083333 -0.355263
0.050000 -0.062500 -0.450000
0.050000 -0.062500 -0.426316
0.050000 -0.062500 -0.402632
0.050000 -0.062500 -0.378947
0.050000 -0.062500 -0.355263
0.050000 -0.041667 -0.450000
0.050000 -0.041667 -0.426316
0.050000 -0.041667 -0.402632
0.050000 -0.041667 -0.378947
0.050000 -0.041667 -0.355263
0.050000 -0.020833 -0.450000
0.050000 -0.020833 -0.426316
0.050000 -0.020833 -0.402632
0.050000 -0.020833 -0.378947
0.050000 -0.020833 -0.355263
0.050000 0.000000 -0.450000
0.050000 0.000000 -0.426316
0.050000 0.000000 -0.402632
0.050000 0.000000 -0.378947
0.050000 0.000000 -0.355263
0.050000 0.020833 -0.450000
0.050000 0.020833 -0.426316
0.050000 0.020833 -0.402632
0.050000 0.020833 -0.378947
0.050000 0.020833 -0.355263
0.050000 0.041667 -0.450000
0.050000 0.041667 -0.426316
0.050000 0.041667 -0.402632
0.050000 0.041667 -0.378947
0.050000 0.041667 -0.355263
0.050000 0.062500 -0.450000
0.050000 0.062500 -0.426316
0.050000 0.062500 -0.402632
0.050000 0.062500 -0.378947
0.050000 0.062500 -0.355263
0.050000 0.083333 -0.450000
0.050000 0.083333 -0.426316
0.050000 0.083333 -0.402632
0.050000 0.083333 -0.378947
0.050000 0.083333 -0.355263
0.050000 0.104167 -0.450000
0.050000 0.104167 -0.426316
0.050000 0.104167 -0.402632
0.050000 0.104167 -0.378947
0.050000 0.104167 -0.355263
0.050000 0.125000 -0.450000
0.050000 0.125000 -0.426316
0.050000 0.125000 -0.402632
0.050000 0.125000 -0.378947
0.050000 0.125000 -0.355263
0.050000 0.145833 -0.450000
0.050000 0.145833 -0.426316
0.050000 0.145833 -0.402632
0.050000 0.145833 -0.378947
0.050000 0.145833 -0.355263
0.050000 0.166667 -0.450000
0.050000 0.166667 -0.426316
0.050000 0.166667 -0.402632
0.050000 0.166667 -0.378947
0.050000 0.166667 -0.355263
0.050000 0.187500 -0.450000
0.050000 0.187500 -0.426316
0.050000 0.187500 -0.402632
0.050000 0.187500 -0.378947
0.050000 0.187500 -0.355263
0.050000 0.208333 -0.450000
0.050000 0.208333 -0.426316
0.050000 0.208333 -0.402632
0.050000 0.208333 -0.378947
0.050000 0.208333 -0.355263
0.050000 0.229167 -0.450000
0.050000 0.229167 -0.426316
0.050000 0.229167 -0.402632
0.050000 0.229167 -0.378947
0.050000 0.229167 -0.355263
0.050000 0.250000 -0.450000
0.050000 0.250000 -0.426316
0.050000 0.250000 -0.402632
0.050000 0.250000 -0.378947
0.050000 0.250000 -0.355263
1.950000 -0.250000 -0.450000
1.950000 -0.250000 -0.426316
1.950000 -0.250000 -0.402632
1.950000 -0.250000 -0.378947
1.950000 -0.250000 -0.355263
1.950000 -0.229167 -0.450000
1.950000 -0.229167 -0.426316
1.950000 -0.229167 -0.402632
1.950000 -0.229167 -0.378947
1.950000 -0.229167 -0.355263
1.950000 -0.208333 -0.450000
1.950000 -0.208333 -0.426316
1.950000 -0.208333 -0.402632
1.950000 -0.208333 -0.378947
1.950000 -0.208333 -0.355263
1.950000 -0.187500 -0.450000
1.950000 -0.187500 -0.426316
1.950000 -0.187500 -0.402632
1.950000 -0.187500 -0.378947
1.950000 -0.187500 -0.355263
1.950000 -0.166667 -0.450000
1.950000 -0.166667 -0.426316
1.950000 -0.166667 -0.402632
1.950000 -0.166667 -0.378947
1.950000 -0.166667 -0.355263
1.950000 -0.145833 -0.450000
1.950000 -0.145833 -0.426316
1.950000 -0.145833 -0.402632
1.950000 -0.145833 -0.378947
1.950000 -0.145833 -0.355263
1.950000 -0.125000 -0.450000
1.950000 -0.125000 -0.426316
1.950000 -0.125000 -0.402632
1.950000 -0.125000 -0.378947
1.950000 -0.125000 -0.355263
1.950000 -0.104167 -0.450000
1.950000 -0.104167 -0.426316
1.950000 -0.104167 -0.402632
1.950000 -0.104167 -0.378947
1.950000 -0.104167 -0.355263
1.950000 -0.083333 -0.450000
1.950000 -0.083333 -0.426316
1.950000 -0.083333 -0.402632
1.950000 -0.083333 -0.378947
1.950000 -0.083333 -0.355263
1.950000 -0.062500 -0.450000
1.950000 -0.062500 -0.426316
1.950000 -0.062500 -0.402632
1.950000 -0.062500 -0.378947
1.950000 -0.062500 -0.355263
1.950000 -0.041667 -0.450000
1.950000 -0.041667 -0.426316
1.950000 -0.041667 -0.402632
1.950000 -0.041667 -0.378947
1.950000 -0.041667 -0.355263
1.950000 -0.020833 -0.450000
1.950000 -0.020833 -0.426316
1.950000 -0.020833 -0.402632
1.950000 -0.020833 -0.378947
1.950000 -0.020833 -0.355263
1.950000 0.000000 -0.450000
1.950000 0.000000 -0.426316
1.950000 0.000000 -0.402632
1.950000 0.000000 -0.378947
1.950000 0.000000 -0.355263
1.950000 0.020833 -0.450000
1.950000 0.020833 -0.426316
1.950000 0.020833 -0.402632
1.950000 0.020833 -0.378947
1.950000 0.020833 -0.355263
1.950000 0.041667 -0.450000
1.950000 0.041667 -0.426316
1.950000 0.041667 -0.402632
1.950000 0.041667 -0.378947
1.950000 0.041667 -0.355263
1.950000 0.062500 -0.450000
1.950000 0.062500 -0.426316
1.950000 0.062500 -0.402632
1.950000 0.062500 -0.378947
1.950000 0.062500 -0.355263
1.950000 0.083333 -0.450000
1.950000 0.083333 -0.426316
1.950000 0.083333 -0.402632
1.950000 0.083333 -0.378947
1.950000 0.083333 -0.355263
1.950000 0.104167 -0.450000
1.950000 0.104167 -0.426316
1.950000 0.104167 -0.402632
1.950000 0.104167 -0.378947
1.950000 0.104167 -0.355263
1.950000 0.125000 -0.450000
1.950000 0.125000 -0.426316
1.950000 0.125000 -0.402632
1.950000 0.125000 -0.378947
1.950000 0.125000 -0.355263
1.950000 0.145833 -0.450000
1.950000 0.145833 -0.426316
1.950000 0.145833 -0.402632
1.950000 0.145833 -0.378947
1.950000 0.145833 -0.355263
1.950000 0.166667 -0.450000
1.950000 0.166667 -0.426316
1.950000 0.166667 -0.402632
1.950000 0.166667 -0.378947
1.950000 0.166667 -0.355263
1.950000 0.187500 -0.450000
1.950000 0.187500 -0.426316
1.950000 0.187500 -0.402632
1.950000 0.187500 -0.378947
1.950000 0.187500 -0.355263
1.950000 0.208333 -0.450000
1.950000 0.208333 -0.426316
1.950000 0.208333 -0.402632
1.950000 0.208333 -0.378947
1.950000 0.208333 -0.355263
1.950000 0.229167 -0.450000
1.950000 0.229167 -0.426316
1.950000 0.229167 -0.402632
1.950000 0.229167 -0.378947
1.950000 0.229167 -0.355263
1.950000 0.250000 -0.450000
1.950000 0.250000 -0.426316
1.950000 0.250000 -0.402632
1.950000 0.250000 -0.378947
1.950000 0.250000 -0.355263
1.957143 -0.250000 -0.450000
1.957143 -0.250000 -0.426316
1.957143 -0.250000 -0.402632
1.957143 -0.250000 -0.378947
1.957143 -0.250000 -0.355263
1.957143 -0.229167 -0.450000
1.957143 -0.229167 -0.426316
1.957143 -0.229167 -0.402632
1.957143 -0.229167 -0.378947
1.957143 -0.229167 -0.355263
1.957143 -0.208333 -0.450000
1.957143 -0.208333 -0.426316
1.957143 -0.208333 -0.402632
1.957143 -0.208333 -0.378947
1.957143 -0.208333 -0.355263
1.957143 -0.187500 -0.450000
1.957143 -0.187500 -0.426316
1.957143 -0.187500 -0.402632
1.957143 -0.187500 -0.378947
1.957143 -0.187500 -0.355263
1.957143 -0.166667 -0.450000
1.957143 -0.166667 -0.426316
1.957143 -0.166667 -0.402632
1.957143 -0.166667 -0.378947
1.957143 -0.166667 -0.355263
1.957143 -0.145833 -0.450000
1.957143 -0.145833 -0.426316
1.957143 -0.145833 -0.402632
1.957143 -0.145833 -0.378947
1.957143 -0.145833 -0.355263
1.957143 -0.125000 -0.450000
1.957143 -0.125000 -0.426316
1.957143 -0.125000 -0.402632
1.957143 -0.125000 -0.378947
1.957143 -0.125000 -0.355263
1.957143 -0.104167 -0.450000
1.957143 -0.104167 -0.426316
1.957143 -0.104167 -0.402632
1.957143 -0.104167 -0.378947
1.957143 -0.104167 -0.355263
1.957143 -0.083333 -0.450000
1.957143 -0.083333 -0.426316
1.957143 -0.083333 -0.402632
1.957143 -0.083333 -0.378947
1.957143 -0.083333 -0.355263
1.957143 -0.062500 -0.450000
1.957143 -0.062500 -0.426316
1.957143 -0.062500 -0.402632
1.957143 -0.062500 -0.378947
1.957143 -0.062500 -0.355263
1.957143 -0.041667 -0.450000
1.957143 -0.041667 -0.426316
1.957143 -0.041667 -0.402632
1.957143 -0.041667 -0.378947
1.957143 -0.041667 -0.355263
1.957143 -0.020833 -0.450000
1.957143 -0.020833 -0.426316
1.957143 -0.020833 -0.402632
1.957143 -0.020833 -0.378947
1.957143 -0.020833 -0.355263
1.957143 0.000000 -0.450000
1.957143 0.000000 -0.426316
1.957143 0.000000 -0.402632
1.957143 0.000000 -0.378947
1.957143 0.000000 -0.355263
1.957143 0.020833 -0.450000
1.957143 0.020833 -0.426316
1.957143 0.020833 -0.402632
1.957143 0.020833 -0.378947
1.957143 0.020833 -0.355263
1.957143 0.041667 -0.450000
1.957143 0.041667 -0.426316
1.957143 0.041667 -0.402632
1.957143 0.041667 -0.378947
1.957143 0.041667 -0.355263
1.957143 0.062500 -0.450000
1.957143 0.062500 -0.426316
1.957143 0.062500 -0.402632
1.957143 0.062500 -0.378947
1.957143 0.062500 -0.355263
1.957143 0.083333 -0.450000
1.957143 0.083333 -0.426316
1.957143 0.083333 -0.402632
1.957143 0.083333 -0.378947
1.957143 0.083333 -0.355263
1.957143 0.104167 -0.450000
1.957143 0.104167 -0.426316
1.957143 0.104167 -0.402632
1.957143 0.104167 -0.378947
1.957143 0.104167 -0.355263
1.957143 0.125000 -0.450000
1.957143 0.125000 -0.426316
1.957143 0.125000 -0.402632
1.957143 0.125000 -0.378947
1.957143 0.125000 -0.355263
1.957143 0.145833 -0.450000
1.957143 0.145833 -0.426316
1.957143 0.145833 -0.402632
1.957143 0.145833 -0.378947
1.957143 0.145833 -0.355263
1.957143 0.166667 -0.450000
1.957143 0.166667 -0.426316
1.957143 0.166667 -0.402632
1.957143 0.166667 -0.378947
1.957143 0.166667 -0.355263
1.957143 0.187500 -0.450000
1.957143 0.187500 -0.426316
1.957143 0.187500 -0.402632
1.957143 0.187500 -0.378947
1.957143 0.187500 -0.355263
1.957143 0.208333 -0.450000
1.957143 0.208333 -0.426316
1.957143 0.208333 -0.402632
1.957143 0.208333 -0.378947
1.957143 0.208333 -0.355263
1.957143 0.229167 -0.450000
1.957143 0.229167 -0.426316
1.957143 0.229167 -0.402632
1.957143 0.229167 -0.378947
1.957143 0.229167 -0.355263
1.957143 0.250000 -0.450000
1.957143 0.250000 -0.426316
1.957143 0.250000 -0.402632
1.957143 0.250000 -0.378947
1.957143 0.250000 -0.355263
1.964286 -0.250000 -0.450000
1.964286 -0.250000 -0.426316
1.964286 -0.250000 -0.402632
1.964286 -0.250000 -0.378947
1.964286 -0.250000 -0.355263
1.964286 -0.229167 -0.450000
1.964286 -0.229167 -0.426316
1.964286 -0.229167 -0.402632
1.964286 -0.229167 -0.378947
1.964286 -0.229167 -0.355263
1.964286 -0.208333 -0.450000
1.964286 -0.208333 -0.426316
1.964286 -0.208333 -0.402632
1.964286 -0.208333 -0.378947
1.964286 -0.208333 -0.355263
1.964286 -0.187500 -0.450000
1.964286 -0.187500 -0.426316
1.964286 -0.187500 -0.402632
1.964286 -0.187500 -0.378947
1.964286 -0.187500 -0.355263
1.964286 -0.166667 -0.450000
1.964286 -0.166667 -0.426316
1.964286 -0.166667 -0.402632
1.964286 -0.166667 -0.378947
1.964286 -0.166667 -0.355263
1.964286 -0.145833 -0.450000
1.964286 -0.145833 -0.426316
1.964286 -0.145833 -0.402632
1.964286 -0.145833 -0.378947
1.964286 -0.145833 -0.355263
1.964286 -0.125000 -0.450000
1.964286 -0.125000 -0.426316
1.964286 -0.125000 -0.402632
1.964286 -0.125000 -0.378947
1.964286 -0.125000 -0.355263
1.964286 -0.104167 -0.450000
1.964286 -0.104167 -0.426316
1.964286 -0.104167 -0.402632
1.964286 -0.104167 -0.378947
1.964286 -0.104167 -0.355263
1.964286 -0.083333 -0.450000
1.964286 -0.083333 -0.426316
1.964286 -0.083333 -0.402632
1.964286 -0.083333 -0.378947
1.964286 -0.083333 -0.355263
1.964286 -0.062500 -0.450000
1.964286 -0.062500 -0.426316
1.964286 -0.062500 -0.402632
1.964286 -0.062500 -0.378947
1.964286 -0.062500 -0.355263
1.964286 -0.041667 -0.450000
1.964286 -0.041667 -0.426316
1.964286 -0.041667 -0.402632
1.964286 -0.041667 -0.378947
1.964286 -0.041667 -0.355263
1.964286 -0.020833 -0.450000
1.964286 -0.020833 -0.426316
1.964286 -0.020833 -0.402632
1.964286 -0.020833 -0.378947
1.964286 -0.020833 -0.355263
1.964286 0.000000 -0.450000
1.964286 0.000000 -0.426316
1.964286 0.000000 -0.402632
1.964286 0.000000 -0.378947
1.964286 0.000000 -0.355263
1.964286 0.020833 -0.450000
1.964286 0.020833 -0.426316
1.964286 0.020833 -0.402632
1.964286 0.020833 -0.378947
1.964286 0.020833 -0.355263
1.964286 0.041667 -0.450000
1.964286 0.041667 -0.426316
1.964286 0.041667 -0.402632
1.964286 0.041667 -0.378947
1.964286 0.041667 -0.355263
1.964286 0.062500 -0.450000
1.964286 0.062500 -0.426316
1.964286 0.062500 -0.402632
1.964286 0.062500 -0.378947
1.964286 0.062500 -0.355263
1.964286 0.083333 -0.450000
1.964286 0.083333 -0.426316
1.964286 0.083333 -0.402632
1.964286 0.083333 -0.378947
1.964286 0.083333 -0.355263
1.964286 0.104167 -0.450000
1.964286 0.104167 -0.426316
1.964286 0.104167 -0.402632
1.964286 0.104167 -0.378947
1.964286 0.104167 -0.355263
1.964286 0.125000 -0.450000
1.964286 0.125000 -0.426316
1.964286 0.125000 -0.402632
1.964286 0.125000 -0.378947
1.964286 0.125000 -0.355263
1.964286 0.145833 -0.450000
1.964286 0.145833 -0.426316
1.964286 0.145833 -0.402632
1.964286 0.145833 -0.378947
1.964286 0.145833 -0.355263
1.964286 0.166667 -0.450000
1.964286 0.166667 -0.426316
1.964286 0.166667 -0.402632
1.964286 0.166667 -0.378947
1.964286 0.166667 -0.355263
1.964286 0.187500 -0.450000
1.964286 0.187500 -0.426316
1.964286 0.187500 -0.402632
1.964286 0.187500 -0.378947
1.964286 0.187500 -0.355263
1.964286 0.208333 -0.450000
1.964286 0.208333 -0.426316
1.964286 0.208333 -0.402632
1.964286 0.208333 -0.378947
1.964286 0.208333 -0.355263
1.964286 0.229167 -0.450000
1.964286 0.229167 -0.426316
1.964286 0.229167 -0.402632
1.964286 0.229167 -0.378947
1.964286 0.229167 -0.355263
1.964286 0.250000 -0.450000
1.964286 0.250000 -0.426316
1.964286 0.250000 -0.402632
1.964286 0.250000 -0.378947
1.964286 0.250000 -0.355263
1.971429 -0.250000 -0.450000
1.971429 -0.250000 -0.426316
1.971429 -0.250000 -0.402632
1.971429 -0.250000 -0.378947
1.971429 -0.250000 -0.355263
1.971429 -0.229167 -0.450000
1.971429 -0.229167 -0.426316
1.971429 -0.229167 -0.402632
1.971429 -0.229167 -0.378947
1.971429 -0.229167 -0.355263
1.971429 -0.208333 -0.450000
1.971429 -0.208333 -0.426316
1.971429 -0.208333 -0.402632
1.971429 -0.208333 -0.378947
1.971429 -0.208333 -0.355263
1.971429 -0.187500 -0.450000
1.971429 -0.187500 -0.426316
1.971429 -0.187500 -0.402632
1.971429 -0.187500 -0.378947
1.971429 -0.187500 -0.355263
1.971429 -0.166667 -0.450000
1.971429 -0.166667 -0.426316
1.971429 -0.166667 -0.402632
1.971429 -0.166667 -0.378947
1.971429 -0.166667 -0.355263
1.971429 -0.145833 -0.450000
1.971429 -0.145833 -0.426316
1.971429 -0.145833 -0.402632
1.971429 -0.145833 -0.378947
1.971429 -0.145833 -0.355263
1.971429 -0.125000 -0.450000
1.971429 -0.125000 -0.426316
1.971429 -0.125000 -0.402632
1.971429 -0.125000 -0.378947
1.971429 -0.125000 -0.355263
1.971429 -0.104167 -0.450000
1.971429 -0.104167 -0.426316
1.971429 -0.104167 -0.402632
1.971429 -0.104167 -0.378947
1.971429 -0.104167 -0.355263
1.971429 -0.083333 -0.450000
1.971429 -0.083333 -0.426316
1.971429 -0.083333 -0.402632
1.971429 -0.083333 -0.378947
1.971429 -0.083333 -0.355263
1.971429 -0.062500 -0.450000
1.971429 -0.062500 -0.426316
1.971429 -0.062500 -0.402632
1.971429 -0.062500 -0.378947
1.971429 -0.062500 -0.355263
1.971429 -0.041667 -0.450000
1.971429 -0.041667 -0.426316
1.971429 -0.041667 -0.402632
1.971429 -0.041667 -0.378947
1.971429 -0.041667 -0.355263
1.971429 -0.020833 -0.450000
1.971429 -0.020833 -0.426316
1.971429 -0.020833 -0.402632
1.971429 -0.020833 -0.378947
1.971429 -0.020833 -0.355263
1.971429 0.000000 -0.450000
1.971429 0.000000 -0.426316
1.971429 0.000000 -0.402632
1.971429 0.000000 -0.378947
1.971429 0.000000 -0.355263
1.971429 0.020833 -0.450000
1.971429 0.020833 -0.426316
1.971429 0.020833 -0.402632
1.971429 0.020833 -0.378947
1.971429 0.020833 -0.355263
1.971429 0.041667 -0.450000
1.971429 0.041667 -0.426316
1.971429 0.041667 -0.402632
1.971429 0.041667 -0.378947
1.971429 0.041667 -0.355263
1.971429 0.062500 -0.450000
1.971429 0.062500 -0.426316
1.971429 0.062500 -0.402632
1.971429 0.062500 -0.378947
1.971429 0.062500 -0.355263
1.971429 0.083333 -0.450000
1.971429 0.083333 -0.426316
1.971429 0.083333 -0.402632
1.971429 0.083333 -0.378947
1.971429 0.083333 -0.355263
1.971429 0.104167 -0.450000
1.971429 0.104167 -0.426316
1.971429 0.104167 -0.402632
1.971429 0.104167 -0.378947
1.971429 0.104167 -0.355263
1.971429 0.125000 -0.450000
1.971429 0.125000 -0.426316
1.971429 0.125000 -0.402632
1.971429 0.125000 -0.378947
1.971429 0.125000 -0.355263
1.971429 0.145833 -0.450000
1.971429 0.145833 -0.426316
1.971429 0.145833 -0.402632
1.971429 0.145833 -0.378947
1.971429 0.145833 -0.355263
1.971429 0.166667 -0.450000
1.971429 0.166667 -0.426316
1.971429 0.166667 -0.402632
1.971429 0.166667 -0.378947
1.971429 0.166667 -0.355263
1.971429 0.187500 -0.450000
1.971429 0.187500 -0.426316
1.971429 0.187500 -0.402632
1.971429 0.187500 -0.378947
1.971429 0.187500 -0.355263
1.971429 0.208333 -0.450000
1.971429 0.208333 -0.426316
1.971429 0.208333 -0.402632
1.971429 0.208333 -0.378947
1.971429 0.208333 -0.355263
1.971429 0.229167 -0.450000
1.971429 0.229167 -0.426316
1.971429 0.229167 -0.402632
1.971429 0.229167 -0.378947
1.971429 0.229167 -0.355263
1.971429 0.250000 -0.450000
1.971429 0.250000 -0.426316
1.971429 0.250000 -0.402632
1.971429 0.250000 -0.378947
1.971429 0.250000 -0.355263
1.978571 -0.250000 -0.450000
1.978571 -0.250000 -0.426316
1.978571 -0.250000 -0.402632
1.978571 -0.250000 -0.378947
1.978571 -0.250000 -0.355263
1.978571 -0.229167 -0.450000
1.978571 -0.229167 -0.426316
1.978571 -0.229167 -0.402632
1.978571 -0.229167 -0.378947
1.978571 -0.229167 -0.355263
1.978571 -0.208333 -0.450000
1.978571 -0.208333 -0.426316
1.978571 -0.208333 -0.402632
1.978571 -0.208333 -0.378947
1.978571 -0.208333 -0.355263
1.978571 -0.187500 -0.450000
1.978571 -0.187500 -0.426316
1.978571 -0.187500 -0.402632
1.978571 -0.187500 -0.378947
1.978571 -0.187500 -0.355263
1.978571 -0.166667 -0.450000
1.978571 -0.166667 -0.426316
1.978571 -0.166667 -0.402632
1.978571 -0.166667 -0.378947
1.978571 -0.166667 -0.355263
1.978571 -0.145833 -0.450000
1.978571 -0.145833 -0.426316
1.978571 -0.145833 -0.402632
1.978571 -0.145833 -0.378947
1.978571 -0.145833 -0.355263
1.978571 -0.125000 -0.450000
1.978571 -0.125000 -0.426316
1.978571 -0.125000 -0.402632
1.978571 -0.125000 -0.378947
1.978571 -0.125000 -0.355263
1.978571 -0.104167 -0.450000
1.978571 -0.104167 -0.426316
1.978571 -0.104167 -0.402632
1.978571 -0.104167 -0.378947
1.978571 -0.104167 -0.355263
1.978571 -0.083333 -0.450000
1.978571 -0.083333 -0.426316
1.978571 -0.083333 -0.402632
1.978571 -0.083333 -0.378947
1.978571 -0.083333 -0.355263
1.978571 -0.062500 -0.450000
1.978571 -0.062500 -0.426316
1.978571 -0.062500 -0.402632
1.978571 -0.062500 -0.378947
1.978571 -0.062500 -0.355263
1.978571 -0.041667 -0.450000
1.978571 -0.041667 -0.426316
1.978571 -0.041667 -0.402632
1.978571 -0.041667 -0.378947
1.978571 -0.041667 -0.355263
1.978571 -0.020833 -0.450000
1.978571 -0.020833 -0.426316
1.978571 -0.020833 -0.402632
1.978571 -0.020833 -0.378947
1.978571 -0.020833 -0.355263
1.978571 0.000000 -0.450000
1.978571 0.000000 -0.426316
1.978571 0.000000 -0.402632
1.978571 0.000000 -0.378947
1.978571 0.000000 -0.355263
1.978571 0.020833 -0.450000
1.978571 0.020833 -0.426316
1.978571 0.020833 -0.402632
1.978571 0.020833 -0.378947
1.978571 0.020833 -0.355263
1.978571 0.041667 -0.450000
1.978571 0.041667 -0.426316
1.978571 0.041667 -0.402632
1.978571 0.041667 -0.378947
1.978571 0.041667 -0.355263
1.978571 0.062500 -0.450000
1.978571 0.062500 -0.426316
1.978571 0.062500 -0.402632
1.978571 0.062500 -0.378947
1.978571 0.062500 -0.355263
1.978571 0.083333 -0.450000
1.978571 0.083333 -0.426316
1.978571 0.083333 -0.402632
1.978571 0.083333 -0.378947
1.978571 0.083333 -0.355263
1.978571 0.104167 -0.450000
1.978571 0.104167 -0.426316
1.978571 0.104167 -0.402632
1.978571 0.104167 -0.378947
1.978571 0.104167 -0.355263
1.978571 0.125000 -0.450000
1.978571 0.125000 -0.426316
1.978571 0.125000 -0.402632
1.978571 0.125000 -0.378947
1.978571 0.125000 -0.355263
1.978571 0.145833 -0.450000
1.978571 0.145833 -0.426316
1.978571 0.145833 -0.402632
1.978571 0.145833 -0.378947
1.978571 0.145833 -0.355263
1.978571 0.166667 -0.450000
1.978571 0.166667 -0.426316
1.978571 0.166667 -0.402632
1.978571 0.166667 -0.378947
1.978571 0.166667 -0.355263
1.978571 0.187500 -0.450000
1.978571 0.187500 -0.426316
1.978571 0.187500 -0.402632
1.978571 0.187500 -0.378947
1.978571 0.187500 -0.355263
1.978571 0.208333 -0.450000
1.978571 0.208333 -0.426316
1.978571 0.208333 -0.402632
1.978571 0.208333 -0.378947
1.978571 0.208333 -0.355263
1.978571 0.229167 -0.450000
1.978571 0.229167 -0.426316
1.978571 0.229167 -0.402632
1.978571 0.229167 -0.378947
1.978571 0.229167 -0.355263
1.978571 0.250000 -0.450000
1.978571 0.250000 -0.426316
1.978571 0.250000 -0.402632
1.978571 0.250000 -0.378947
1.978571 0.250000 -0.355263
1.985714 -0.250000 -0.450000
1.985714 -0.250000 -0.426316
1.985714 -0.250000 -0.402632
1.985714 -0.250000 -0.378947
1.985714 -0.250000 -0.355263
1.985714 -0.229167 -0.450000
1.985714 -0.229167 -0.426316
1.985714 -0.229167 -0.402632
1.985714 -0.229167 -0.378947
1.985714 -0.229167 -0.355263
1.985714 -0.208333 -0.450000
1.985714 -0.208333 -0.426316
1.985714 -0.208333 -0.402632
1.985714 -0.208333 -0.378947
1.985714 -0.208333 -0.355263
1.985714 -0.187500 -0.450000
1.985714 -0.187500 -0.426316
1.985714 -0.187500 -0.402632
1.985714 -0.187500 -0.378947
1.985714 -0.187500 -0.355263
1.985714 -0.166667 -0.450000
1.985714 -0.166667 -0.426316
1.985714 -0.166667 -0.402632
1.985714 -0.166667 -0.378947
1.985714 -0.166667 -0.355263
1.985714 -0.145833 -0.450000
1.985714 -0.145833 -0.426316
1.985714 -0.145833 -0.402632
1.985714 -0.145833 -0.378947
1.985714 -0.145833 -0.355263
1.985714 -0.125000 -0.450000
1.985714 -0.125000 -0.426316
1.985714 -0.125000 -0.402632
1.985714 -0.125000 -0.378947
1.985714 -0.125000 -0.355263
1.985714 -0.104167 -0.450000
1.985714 -0.104167 -0.426316
1.985714 -0.104167 -0.402632
1.985714 -0.104167 -0.378947
1.985714 -0.104167 -0.355263
1.985714 -0.083333 -0.450000
1.985714 -0.083333 -0.426316
1.985714 -0.083333 -0.402632
1.985714 -0.083333 -0.378947
1.985714 -0.083333 -0.355263
1.985714 -0.062500 -0.450000
1.985714 -0.062500 -0.426316
1.985714 -0.062500 -0.402632
1.985714 -0.062500 -0.378947
1.985714 -0.062500 -0.355263
1.985714 -0.041667 -0.450000
1.985714 -0.041667 -0.426316
1.985714 -0.041667 -0.402632
1.985714 -0.041667 -0.378947
1.985714 -0.041667 -0.355263
1.985714 -0.020833 -0.450000
1.985714 -0.020833 -0.426316
1.985714 -0.020833 -0.402632
1.985714 -0.020833 -0.378947
1.985714 -0.020833 -0.355263
1.985714 0.000000 -0.450000
1.985714 0.000000 -0.426316
1.985714 0.000000 -0.402632
1.985714 0.000000 -0.378947
1.985714 0.000000 -0.355263
1.985714 0.020833 -0.450000
1.985714 0.020833 -0.426316
1.985714 0.020833 -0.402632
1.985714 0.020833 -0.378947
1.985714 0.020833 -0.355263
1.985714 0.041667 -0.450000
1.985714 0.041667 -0.426316
1.985714 0.041667 -0.402632
1.985714 0.041667 -0.378947
1.985714 0.041667 -0.355263
1.985714 0.062500 -0.450000
1.985714 0.062500 -0.426316
1.985714 0.062500 -0.402632
1.985714 0.062500 -0.378947
1.985714 0.062500 -0.355263
1.985714 0.083333 -0.450000
1.985714 0.083333 -0.426316
1.985714 0.083333 -0.402632
1.985714 0.083333 -0.378947
1.985714 0.083333 -0.355263
1.985714 0.104167 -0.450000
1.985714 0.104167 -0.426316
1.985714 0.104167 -0.402632
1.985714 0.104167 -0.378947
1.985714 0.104167 -0.355263
1.985714 0.125000 -0.450000
1.985714 0.125000 -0.426316
1.985714 0.125000 -0.402632
1.985714 0.125000 -0.378947
1.985714 0.125000 -0.355263
1.985714 0.145833 -0.450000
1.985714 0.145833 -0.426316
1.985714 0.145833 -0.402632
1.985714 0.145833 -0.378947
1.985714 0.145833 -0.355263
1.985714 0.166667 -0.450000
1.985714 0.166667 -0.426316
1.985714 0.166667 -0.402632
1.985714 0.166667 -0.378947
1.985714 0.166667 -0.355263
1.985714 0.187500 -0.450000
1.985714 0.187500 -0.426316
1.985714 0.187500 -0.402632
1.985714 0.187500 -0.378947
1.985714 0.187500 -0.355263
1.985714 0.208333 -0.450000
1.985714 0.208333 -0.426316
1.985714 0.208333 -0.402632
1.985714 0.208333 -0.378947
1.985714 0.208333 -0.355263
1.985714 0.229167 -0.450000
1.985714 0.229167 -0.426316
1.985714 0.229167 -0.402632
1.985714 0.229167 -0.378947
1.985714 0.229167 -0.355263
1.985714 0.250000 -0.450000
1.985714 0.250000 -0.426316
1.985714 0.250000 -0.402632
1.985714 0.250000 -0.378947
1.985714 0.250000 -0.355263
1.992857 -0.250000 -0.450000
1.992857 -0.250000 -0.426316
1.992857 -0.250000 -0.402632
1.992857 -0.250000 -0.378947
1.992857 -0.250000 -0.355263
1.992857 -0.229167 -0.450000
1.992857 -0.229167 -0.426316
1.992857 -0.229167 -0.402632
1.992857 -0.229167 -0.378947
1.992857 -0.229167 -0.355263
1.992857 -0.208333 -0.450000
1.992857 -0.208333 -0.426316
1.992857 -0.208333 -0.402632
1.992857 -0.208333 -0.378947
1.992857 -0.208333 -0.355263
1.992857 -0.187500 -0.450000
1.992857 -0.187500 -0.426316
1.992857 -0.187500 -0.402632
1.992857 -0.187500 -0.378947
1.992857 -0.187500 -0.355263
1.992857 -0.166667 -0.450000
1.992857 -0.166667 -0.426316
1.992857 -0.166667 -0.402632
1.992857 -0.166667 -0.378947
1.992857 -0.166667 -0.355263
1.992857 -0.145833 -0.450000
1.992857 -0.145833 -0.426316
1.992857 -0.145833 -0.402632
1.992857 -0.145833 -0.378947
1.992857 -0.145833 -0.355263
1.992857 -0.125000 -0.450000
1.992857 -0.125000 -0.426316
1.992857 -0.125000 -0.402632
1.992857 -0.125000 -0.378947
1.992857 -0.125000 -0.355263
1.992857 -0.104167 -0.450000
1.992857 -0.104167 -0.426316
1.992857 -0.104167 -0.402632
1.992857 -0.104167 -0.378947
1.992857 -0.104167 -0.355263
1.992857 -0.083333 -0.450000
1.992857 -0.083333 -0.426316
1.992857 -0.083333 -0.402632
1.992857 -0.083333 -0.378947
1.992857 -0.083333 -0.355263
1.992857 -0.062500 -0.450000
1.992857 -0.062500 -0.426316
1.992857 -0.062500 -0.402632
1.992857 -0.062500 -0.378947
1.992857 -0.062500 -0.355263
1.992857 -0.041667 -0.450000
1.992857 -0.041667 -0.426316
1.992857 -0.041667 -0.402632
1.992857 -0.041667 -0.378947
1.992857 -0.041667 -0.355263
1.992857 -0.020833 -0.450000
1.992857 -0.020833 -0.426316
1.992857 -0.020833 -0.402632
1.992857 -0.020833 -0.378947
1.992857 -0.020833 -0.355263
1.992857 0.000000 -0.450000
1.992857 0.000000 -0.426316
1.992857 0.000000 -0.402632
1.992857 0.000000 -0.378947
1.992857 0.000000 -0.355263
1.992857 0.020833 -0.450000
1.992857 0.020833 -0.426316
1.992857 0.020833 -0.402632
1.992857 0.020833 -0.378947
1.992857 0.020833 -0.355263
1.992857 0.041667 -0.450000
1.992857 0.041667 -0.426316
1.992857 0.041667 -0.402632
1.992857 0.041667 -0.378947
1.992857 0.041667 -0.355263
1.992857 0.062500 -0.450000
1.992857 0.062500 -0.426316
1.992857 0.062500 -0.402632
1.992857 0.062500 -0.378947
1.992857 0.062500 -0.355263
1.992857 0.083333 -0.450000
1.992857 0.083333 -0.426316
1.992857 0.083333 -0.402632
1.992857 0.083333 -0.378947
1.992857 0.083333 -0.355263
1.992857 0.104167 -0.450000
1.992857 0.104167 -0.426316
1.992857 0.104167 -0.402632
1.992857 0.104167 -0.378947
1.992857 0.104167 -0.355263
1.992857 0.125000 -0.450000
1.992857 0.125000 -0.426316
1.992857 0.125000 -0.402632
1.992857 0.125000 -0.378947
1.992857 0.125000 -0.355263
1.992857 0.145833 -0.450000
1.992857 0.145833 -0.426316
1.992857 0.145833 -0.402632
1.992857 0.145833 -0.378947
1.992857 0.145833 -0.355263
1.992857 0.166667 -0.450000
1.992857 0.166667 -0.426316
1.992857 0.166667 -0.402632
1.992857 0.166667 -0.378947
1.992857 0.166667 -0.355263
1.992857 0.187500 -0.450000
1.992857 0.187500 -0.426316
1.992857 0.187500 -0.402632
1.992857 0.187500 -0.378947
1.992857 0.187500 -0.355263
1.992857 0.208333 -0.450000
1.992857 0.208333 -0.426316
1.992857 0.208333 -0.402632
1.992857 0.208333 -0.378947
1.992857 0.208333 -0.355263
1.992857 0.229167 -0.450000
1.992857 0.229167 -0.426316
1.992857 0.229167 -0.402632
1.992857 0.229167 -0.378947
1.992857 0.229167 -0.355263
1.992857 0.250000 -0.450000
1.992857 0.250000 -0.426316
1.992857 0.250000 -0.402632
1.992857 0.250000 -0.378947
1.992857 0.250000 -0.355263
2.000000 -0.250000 -0.450000
2.000000 -0.250000 -0.426316
2.000000 -0.250000 -0.402632
2.000000 -0.250000 -0.378947
2.000000 -0.250000 -0.355263
2.000000 -0.229167 -0.450000
2.000000 -0.229167 -0.426316
2.000000 -0.229167 -0.402632
2.000000 -0.229167 -0.378947
2.000000 -0.229167 -0.355263
2.000000 -0.208333 -0.450000
2.000000 -0.208333 -0.426316
2.000000 -0.208333 -0.402632
2.000000 -0.208333 -0.378947
2.000000 -0.208333 -0.355263
2.000000 -0.187500 -0.450000
2.000000 -0.187500 -0.426316
2.000000 -0.187500 -0.402632
2.000000 -0.187500 -0.378947
2.000000 -0.187500 -0.355263
2.000000 -0.166667 -0.450000
2.000000 -0.166667 -0.426316
2.000000 -0.166667 -0.402632
2.000000 -0.166667 -0.378947
2.000000 -0.166667 -0.355263
2.000000 -0.145833 -0.450000
2.000000 -0.145833 -0.426316
2.000000 -0.145833 -0.402632
2.000000 -0.145833 -0.378947
2.000000 -0.145833 -0.355263
2.000000 -0.125000 -0.450000
2.000000 -0.125000 -0.426316
2.000000 -0.125000 -0.402632
2.000000 -0.125000 -0.378947
2.000000 -0.125000 -0.355263
2.000000 -0.104167 -0.450000
2.000000 -0.104167 -0.426316
2.000000 -0.104167 -0.402632
2.000000 -0.104167 -0.378947
2.000000 -0.104167 -0.355263
2.000000 -0.083333 -0.450000
2.000000 -0.083333 -0.426316
2.000000 -0.083333 -0.402632
2.000000 -0.083333 -0.378947
2.000000 -0.083333 -0.355263
2.000000 -0.062500 -0.450000
2.000000 -0.062500 -0.426316
2.000000 -0.062500 -0.402632
2.000000 -0.062500 -0.378947
2.000000 -0.062500 -0.355263
2.000000 -0.041667 -0.450000
2.000000 -0.041667 -0.426316
2.000000 -0.041667 -0.402632
2.000000 -0.041667 -0.378947
2.000000 -0.041667 -0.355263
2.000000 -0.020833 -0.450000
2.000000 -0.020833 -0.426316
2.000000 -0.020833 -0.402632
2.000000 -0.020833 -0.378947
2.000000 -0.020833 -0.355263
2.000000 0.000000 -0.450000
2.000000 0.000000 -0.426316
2.000000 0.000000 -0.402632
2.000000 0.000000 -0.378947
2.000000 0.000000 -0.355263
2.000000 0.020833 -0.450000
2.000000 0.020833 -0.426316
2.000000 0.020833 -0.402632
2.000000 0.020833 -0.378947
2.000000 0.020833 -0.355263
2.000000 0.041667 -0.450000
2.000000 0.041667 -0.426316
2.000000 0.041667 -0.402632
2.000000 0.041667 -0.378947
2.000000 0.041667 -0.355263
2.000000 0.062500 -0.450000
2.000000 0.062500 -0.426316
2.000000 0.062500 -0.402632
2.000000 0.062500 -0.378947
2.000000 0.062500 -0.355263
2.000000 0.083333 -0.450000
2.000000 0.083333 -0.426316
2.000000 0.083333 -0.402632
2.000000 0.083333 -0.378947
2.000000 0.083333 -0.355263
2.000000 0.104167 -0.450000
2.000000 0.104167 -0.426316
2.000000 0.104167 -0.402632
2.000000 0.104167 -0.378947
2.000000 0.104167 -0.355263
2.000000 0.125000 -0.450000
2.000000 0.125000 -0.426316
2.000000 0.125000 -0.402632
2.000000 0.125000 -0.378947
2.000000 0.125000 -0.355263
2.000000 0.145833 -0.450000
2.000000 0.145833 -0.426316
2.000000 0.145833 -0.402632
2.000000 0.145833 -0.378947
2.000000 0.145833 -0.355263
2.000000 0.166667 -0.450000
2.000000 0.166667 -0.426316
2.000000 0.166667 -0.402632
2.000000 0.166667 -0.378947
2.000000 0.166667 -0.355263
2.000000 0.187500 -0.450000
2.000000 0.187500 -0.426316
2.000000 0.187500 -0.402632
2.000000 0.187500 -0.378947
2.000000 0.187500 -0.355263
2.000000 0.208333 -0.450000
2.000000 0.208333 -0.426316
2.000000 0.208333 -0.402632
2.000000 0.208333 -0.378947
2.000000 0.208333 -0.355263
2.000000 0.229167 -0.450000
2.000000 0.229167 -0.426316
2.000000 0.229167 -0.402632
2.000000 0.229167 -0.378947
2.000000 0.229167 -0.355263
2.000000 0.250000 -0.450000
2.000000 0.250000 -0.426316
2.000000 0.250000 -0.402632
2.000000 0.250000 -0.378947
2.000000 0.250000 -0.355263
